"id","vote_average"
6252,6.7846097946167
4684,6.35343313217163
1731,6.42605113983154
4742,7.14071226119995
4521,6.66577911376953
6340,5.69190692901611
576,6.88427305221558
5202,5.02595949172974
6363,7.10282135009766
439,7.30540084838867
2750,6.29033994674683
7487,5.65061187744141
5272,6.04827880859375
5653,6.78280639648438
3999,6.58978652954102
6033,5.71847772598267
582,7.12582731246948
9930,6.65650606155396
7051,6.40611410140991
8158,6.45964384078979
9896,6.09262180328369
2249,7.27518320083618
4640,1.61950945854187
9485,5.10203170776367
4947,5.54152345657349
9920,7.83919477462769
1963,6.19604587554932
8243,5.05913591384888
6590,6.80965280532837
8847,5.92599534988403
321,6.97304725646973
2678,5.83682441711426
4625,6.30685377120972
4949,7.82866954803467
8328,7.06430292129517
3337,7.12663650512695
5589,5.91067934036255
251,7.15977954864502
3973,6.08186149597168
6630,6.9253101348877
5547,6.44989633560181
35,7.35679912567139
8362,5.94309329986572
1513,6.55978393554688
9317,5.93216371536255
39,7.4372730255127
4819,7.08695459365845
3465,0.369077622890472
1760,4.73601245880127
2304,7.36740779876709
3723,7.1485538482666
8284,6.57145929336548
4993,6.52188968658447
8127,5.70320796966553
3032,7.00185585021973
7938,5.91121292114258
3039,6.83652496337891
9655,6.15793991088867
2545,6.52632284164429
2592,6.21765470504761
1188,6.60860013961792
7966,6.08488178253174
6077,6.4444694519043
107,6.53991031646729
1315,5.95329332351685
8187,5.91228008270264
2753,6.53437328338623
9753,6.70099639892578
6231,5.96414756774902
2876,6.48755645751953
5323,6.84319686889648
799,7.06136751174927
3570,7.45251417160034
2894,6.86750936508179
2927,5.92796277999878
8178,6.91016292572021
971,3.85321021080017
6687,5.88826274871826
8575,5.47916555404663
2020,6.15326738357544
9054,3.41526532173157
952,6.82865381240845
5359,6.88465785980225
3857,7.22528457641602
5861,6.21580266952515
3145,6.61479902267456
3305,6.03856372833252
3006,5.5106315612793
9001,6.23246765136719
7770,6.12311744689941
7438,6.19796133041382
7942,7.30420589447021
9238,6.29549789428711
1056,6.07868480682373
3154,7.14534902572632
3787,6.51982402801514
9189,5.68652629852295
7825,5.84121465682983
7539,6.00786781311035
7231,6.37316370010376
764,6.96975708007812
5019,6.6373610496521
4903,6.09579515457153
8093,6.3422908782959
6843,6.94911670684814
2165,6.0290699005127
1862,5.68725109100342
7850,7.19771766662598
9123,6.92583513259888
2340,7.18613290786743
5527,6.97254753112793
6743,7.14161825180054
4003,6.40528392791748
1123,6.92194032669067
8709,5.46092700958252
4049,6.23267602920532
7640,7.37344312667847
765,4.36615562438965
2344,7.22183656692505
4071,0.732108354568481
7216,6.15452003479004
4216,7.65131664276123
7952,5.7934718132019
5970,6.4866156578064
3350,6.34807443618774
4695,6.00171184539795
3399,0.241045460104942
4081,6.35349416732788
9149,6.85605430603027
1224,6.33078908920288
6292,4.78441190719604
3122,6.72023820877075
510,5.90882301330566
5794,6.95192956924438
8181,5.2648286819458
9417,7.33704280853271
96,7.65181589126587
6681,6.12283611297607
1512,6.40457725524902
8791,5.74365329742432
119,5.04818296432495
7791,7.26878499984741
6517,6.84728145599365
33,7.43058776855469
7887,5.82374143600464
6830,6.20185661315918
5421,6.03606986999512
1068,6.42382669448853
1347,6.64643716812134
4747,6.02172756195068
6005,5.3159875869751
6039,6.56475400924683
3817,6.07158803939819
8446,7.20902585983276
5269,6.66483354568481
6897,6.97518682479858
5309,5.58599042892456
31,7.12294101715088
5674,6.46477317810059
4386,6.50241851806641
29,7.85254812240601
4202,6.77852582931519
7507,6.40593433380127
735,6.48288059234619
2067,6.27089309692383
106,7.03901290893555
9644,5.79324865341187
8894,7.37403678894043
8020,6.2467188835144
2232,7.1641640663147
993,6.70595073699951
9412,6.56543302536011
7058,6.84640741348267
6789,6.84049081802368
360,6.06948900222778
304,5.45696115493774
2627,6.61669397354126
8965,6.842200756073
4513,6.85425472259521
5910,7.15989065170288
8313,7.10572957992554
3100,6.51161670684814
5703,6.77891397476196
3898,6.59239721298218
5440,5.91707563400269
7930,6.06637001037598
621,5.13756418228149
7235,5.53774070739746
2498,5.93938064575195
713,7.5554370880127
8403,6.24583864212036
2855,6.73011922836304
4269,5.61146640777588
2908,7.04662895202637
8080,7.06405401229858
4516,4.69204378128052
1261,7.18284225463867
3160,6.27612733840942
970,5.72254848480225
3912,6.94214916229248
5198,5.97488784790039
8846,7.41279315948486
259,5.99273538589478
3790,5.38888692855835
9202,6.43220663070679
487,7.30485248565674
7907,5.81231117248535
518,6.00830698013306
8342,6.79873561859131
311,6.67331695556641
3231,6.18493604660034
7932,5.64355659484863
7457,6.94143629074097
9783,6.60729217529297
5183,6.96253871917725
8076,5.78577423095703
6501,6.39350318908691
6790,6.39368581771851
7772,5.64646100997925
2737,7.3148717880249
7841,5.73362493515015
6261,7.08161306381226
8205,6.19061374664307
1247,6.95186567306519
9335,6.87207555770874
4194,6.98202657699585
8000,6.97554397583008
7377,6.48349618911743
3434,6.73137807846069
5381,7.79424333572388
958,7.27140045166016
416,7.21059417724609
5741,5.77708101272583
6727,5.33866548538208
4381,6.62915754318237
5196,6.23602914810181
1112,6.18203496932983
2688,6.26575374603271
6472,0.827551484107971
8819,5.96948766708374
7807,6.13181304931641
3410,5.42657089233398
80,7.59302806854248
4613,7.21342849731445
1373,6.3282470703125
1509,6.75742101669312
6442,6.33507823944092
3070,6.68146848678589
3015,6.22768926620483
4822,6.91793632507324
7821,6.54013013839722
92,7.49556159973145
9420,6.30578708648682
6599,6.40930700302124
4442,6.83131885528564
7601,7.2083101272583
3834,7.15948152542114
9701,7.38690519332886
4321,6.10346746444702
3393,5.5872483253479
4751,6.24880266189575
7228,4.82951021194458
9190,6.41262674331665
2360,5.9357123374939
1147,6.5042405128479
5665,6.47660350799561
8074,6.47218227386475
4942,7.46144676208496
3662,6.99115610122681
1562,6.47831535339355
4112,6.11518859863281
9049,6.19074487686157
9275,6.22267389297485
8537,5.73494148254395
794,6.44696187973022
5853,6.3396167755127
7618,6.4129753112793
1593,7.05488252639771
7417,6.04145002365112
5266,6.85430526733398
7146,7.2924108505249
88,6.89270305633545
8694,6.41257286071777
9731,6.33916139602661
9445,6.55824661254883
6753,6.51655578613281
3501,6.47173118591309
2233,5.7410101890564
2802,7.44873714447021
4423,5.39636421203613
5662,5.79538536071777
7169,6.06771898269653
8336,6.20849323272705
2147,6.48934936523438
7968,6.54266214370728
6550,5.88618516921997
7642,6.91987562179565
6163,7.37782573699951
1494,8.01724243164062
7695,6.76155424118042
7093,6.37963008880615
1408,6.77818298339844
6690,6.13631582260132
3400,6.88838338851929
108,7.3071026802063
5635,6.99634456634521
8481,6.18035268783569
6603,5.97856950759888
1090,7.03175592422485
5559,5.31683111190796
9411,7.07172727584839
8142,6.27169418334961
8663,5.73656749725342
6595,6.54608154296875
623,6.3304123878479
6870,6.89698505401611
4813,6.471923828125
6552,6.15714979171753
7529,7.55320072174072
5795,6.52813625335693
7436,6.92708206176758
4217,6.8049521446228
5940,6.85851192474365
8500,6.70397710800171
6428,6.64662456512451
6826,6.69150066375732
4130,6.48305702209473
7801,5.61429357528687
7753,7.2922945022583
4721,5.38335227966309
1650,2.50024247169495
4140,6.7403244972229
1617,7.01454877853394
2029,6.82731151580811
8517,7.05006742477417
4575,6.69081354141235
3992,6.51384449005127
7376,6.63323259353638
6149,6.64453792572021
4908,6.67767858505249
5026,7.47143745422363
8260,6.48892879486084
4731,6.42952919006348
7548,6.68711185455322
8134,6.12487840652466
1606,7.22375917434692
4773,6.49863338470459
8109,6.37227869033813
6951,6.68697071075439
6004,7.60004758834839
7728,6.37642574310303
3541,3.29823899269104
388,6.82294273376465
1794,6.73304605484009
8731,6.34638404846191
4919,6.75640916824341
5537,6.44915056228638
3872,6.79957246780396
8868,6.29213953018188
2254,6.36123609542847
3412,5.76131772994995
5459,6.23349094390869
4955,6.43506717681885
7396,6.10088872909546
5414,6.73271751403809
7399,6.66604948043823
7414,7.08435821533203
9100,5.78986120223999
4851,6.54438972473145
2025,6.47621822357178
2615,5.82769393920898
7388,6.1679425239563
2926,6.4211049079895
1121,0.578596889972687
2910,6.28818082809448
8146,7.49502325057983
7383,6.70465993881226
3482,6.14216947555542
795,6.54105997085571
1575,6.74420404434204
6176,7.34740734100342
6266,6.56040477752686
2458,7.00721216201782
3312,6.65131759643555
1253,5.09515714645386
6834,6.4013671875
8794,6.8770170211792
3837,6.0640435218811
4398,6.29568243026733
3595,6.61064052581787
6621,5.11730575561523
8382,6.73639822006226
2124,6.51372241973877
3238,5.08212661743164
5403,0.994052231311798
5998,7.18243503570557
5938,5.2479772567749
2045,7.09764671325684
1578,6.78251552581787
14,7.79897975921631
2673,6.13443326950073
7016,7.01511287689209
8720,6.41022253036499
8849,4.22303485870361
4812,1.28047239780426
1084,7.6331090927124
4983,6.08051204681396
7155,6.71598291397095
2884,6.02986288070679
333,6.87474632263184
7204,7.2805438041687
4367,7.29823112487793
3079,6.69672727584839
7203,6.24915885925293
9909,7.0954737663269
8864,6.31168508529663
263,6.33755207061768
4337,6.44644594192505
8895,5.88001823425293
8447,5.71485996246338
5903,6.95874214172363
1498,6.89656829833984
4190,7.80447483062744
7485,7.32133674621582
9643,6.73478078842163
8310,8.1001501083374
7590,6.79073143005371
500,5.21785068511963
9155,6.31218338012695
9414,6.95553731918335
3095,6.34721612930298
4631,7.41856527328491
367,7.87618637084961
4058,6.76093721389771
8174,5.93495178222656
4630,7.20416021347046
6070,5.79555034637451
2664,6.33825063705444
1026,5.03011083602905
5908,7.0218620300293
5050,6.41482973098755
6328,6.09317064285278
9733,6.58637380599976
1691,5.9959602355957
673,7.47359228134155
5572,5.18046474456787
5766,6.22717046737671
5156,6.14816665649414
733,7.39445543289185
3526,5.93303775787354
568,7.00317335128784
9187,6.31473779678345
2922,6.23416423797607
7911,6.64040613174438
1558,6.92552185058594
101,7.02419757843018
3007,7.09568166732788
7201,7.18141794204712
303,5.5908088684082
76,6.59329509735107
6754,6.33479976654053
8629,6.18084239959717
1208,7.26551198959351
7742,0.65144419670105
8214,6.29591608047485
8944,6.16177034378052
8413,6.33393907546997
1775,6.92764759063721
3473,6.28441333770752
483,5.19366598129272
2189,6.21703577041626
346,7.03594207763672
5481,6.43656826019287
8361,6.036461353302
1472,6.77195882797241
5100,6.36188697814941
6765,6.03186511993408
8706,6.31052589416504
4929,6.00399589538574
6329,6.60522794723511
2609,6.65471839904785
3,7.74139404296875
2213,7.04884147644043
4827,6.9884877204895
856,6.75701379776001
6977,6.34783220291138
5885,6.82011318206787
624,6.71077394485474
290,7.3798451423645
2018,6.94406890869141
668,7.2642502784729
8921,7.28358316421509
8264,6.73251581192017
9696,6.30118417739868
1631,7.09379100799561
5170,4.74905729293823
7205,6.88594198226929
2522,7.47885942459106
2215,7.09182453155518
6968,6.7756233215332
6496,5.41958665847778
6213,6.78815937042236
7032,5.23504209518433
7420,6.40156936645508
1107,7.32303667068481
450,6.47878122329712
6289,5.53080892562866
9966,7.44385147094727
135,7.30746555328369
1785,6.50056886672974
3404,6.43354558944702
2906,7.39078760147095
8304,6.96691417694092
7492,6.71485662460327
6100,6.4202938079834
4504,7.55922842025757
5053,6.40105152130127
5205,6.28416633605957
4080,5.90851402282715
6918,5.90964698791504
6802,6.42821788787842
5206,6.76625633239746
532,5.61675214767456
4830,6.52987289428711
4038,7.14939165115356
4084,6.88918352127075
3204,6.9310302734375
7110,5.66233062744141
330,5.82565784454346
4957,6.44624519348145
3033,7.0059289932251
7684,6.51983070373535
1597,6.59068012237549
9919,6.45954656600952
3597,6.72352313995361
9038,7.12783479690552
8001,6.61911582946777
590,7.12504768371582
647,6.92067956924438
9102,7.05597829818726
8015,4.88133478164673
3771,6.87666177749634
9039,6.52946043014526
5082,6.8298807144165
7882,6.86414957046509
9362,6.91003465652466
4210,3.59159684181213
8834,5.06023359298706
8699,1.69785606861115
1795,6.53609085083008
2586,6.57548093795776
8355,5.06408500671387
2316,7.36237955093384
4185,6.8982195854187
8827,6.58605480194092
7072,6.54450225830078
5234,5.71528387069702
8743,5.18249177932739
8670,6.3446741104126
4768,6.50098848342896
9972,5.76215839385986
7144,5.91119527816772
2913,6.22060918807983
9871,5.60655879974365
9893,6.67437076568604
2075,7.74803495407104
4302,6.08717918395996
5822,5.63687419891357
2149,5.80398797988892
144,6.97598314285278
4963,6.41242456436157
8159,6.18968963623047
9030,5.03768348693848
4775,6.60557556152344
8933,5.84223365783691
7749,6.34304857254028
9828,6.4675121307373
9214,6.37741899490356
6060,6.62907552719116
9475,6.72570657730103
6409,5.57491827011108
3317,6.67998790740967
7464,5.53645706176758
3061,6.307288646698
1355,7.09830617904663
4514,6.85767889022827
5505,6.21366357803345
5250,5.33045244216919
4511,6.6251015663147
1730,7.00902032852173
1758,6.51786470413208
6650,5.60563611984253
6646,6.44319868087769
9860,6.06179761886597
4139,7.37209701538086
9393,6.44680643081665
5123,3.63054275512695
0,7.28922319412231
1864,6.70307207107544
543,5.76033544540405
349,6.24964952468872
6906,6.86502027511597
9765,6.37666845321655
2523,6.95081949234009
3464,7.42886352539062
457,6.93635702133179
3023,6.97555017471313
7261,6.62076807022095
9515,6.49801540374756
7872,6.80496406555176
6625,6.04231357574463
2534,-0.802104115486145
131,1.28142642974854
3704,7.23040342330933
1372,5.28151416778564
6200,5.62266111373901
4856,6.50962924957275
4712,7.09385967254639
5544,5.87661933898926
1413,6.52630233764648
4113,6.92920541763306
655,6.60204410552979
8137,6.61796998977661
4098,5.90926218032837
592,6.83707046508789
8708,6.13857698440552
3123,6.69950008392334
3047,5.76276206970215
3887,7.32987260818481
5735,7.30733680725098
2184,7.5575966835022
2145,6.16504383087158
7047,6.69066333770752
3105,6.04524326324463
9233,6.74710035324097
9096,7.79574251174927
2769,5.90468645095825
5221,5.9320969581604
5833,6.39383554458618
1732,5.22020673751831
265,6.82093048095703
5144,6.87384843826294
8267,5.18336200714111
3937,6.95791292190552
761,6.9625186920166
7220,6.59331130981445
8439,5.84224128723145
3257,6.95930910110474
4338,4.68424224853516
4362,6.38071918487549
316,7.52188682556152
8069,6.08484601974487
1851,7.24299192428589
2484,6.80569505691528
9873,6.76497173309326
9574,5.39199924468994
1078,5.90204000473022
8358,6.49266195297241
7333,5.94169616699219
1071,5.51195859909058
103,6.58272647857666
5748,6.37464380264282
1418,6.53988885879517
1658,7.73632717132568
5284,5.97062635421753
1149,6.81507730484009
7150,6.69142580032349
1568,5.88735103607178
1087,6.39055395126343
6085,5.88437080383301
8674,6.22837781906128
8341,6.66543531417847
7811,2.29055547714233
6084,6.32947635650635
8773,5.87846565246582
8757,7.41238307952881
1692,6.67550659179688
4734,6.98409652709961
3387,7.24347400665283
3646,6.18872928619385
1683,5.81021118164062
8,6.93906736373901
6062,6.36532163619995
6516,6.32134580612183
4123,6.35565757751465
8729,6.38708353042603
6045,7.07439088821411
567,1.29076409339905
9161,0.91761302947998
1803,6.67582273483276
8501,5.43273019790649
4900,5.91878080368042
1599,7.16874551773071
7931,5.29833364486694
9547,6.25820207595825
2823,5.6171088218689
5467,5.95250272750854
3529,6.51746320724487
8683,7.17973136901855
1155,0.734985947608948
6547,6.87709188461304
9088,5.8937726020813
7620,4.71235370635986
8296,5.88483047485352
4540,6.03232002258301
9134,5.4561014175415
6482,5.63447618484497
5826,7.06944799423218
1190,6.20531797409058
7444,6.10421466827393
8520,5.43343639373779
960,7.1906909942627
7454,6.08519792556763
36,6.72917366027832
7516,5.84088563919067
7644,5.75611114501953
4438,7.18679237365723
6161,5.95731163024902
7744,6.66678380966187
9587,2.87442898750305
8119,6.03973436355591
6967,7.15247011184692
5718,6.25519752502441
577,7.39065504074097
9833,5.73551034927368
4102,7.08598136901855
7646,6.96460437774658
4151,6.93780660629272
3130,7.16128349304199
4890,6.52638101577759
9975,6.4637279510498
7471,6.08010578155518
1833,-0.124618083238602
9148,5.84065246582031
4891,6.82424306869507
2287,6.2889609336853
1330,6.99353170394897
2771,6.02576208114624
3686,6.41766023635864
8283,6.43696784973145
5928,6.5530800819397
637,6.1765604019165
47,7.74509048461914
2602,6.63117122650146
1965,6.83936595916748
2168,7.0396203994751
5049,6.10237264633179
3334,7.00034999847412
3019,6.91240930557251
8764,7.01102733612061
9176,5.42446660995483
1360,5.7016921043396
5798,6.6088080406189
9400,6.23899698257446
3251,5.63735198974609
6300,6.17585372924805
2251,6.86259508132935
6027,-0.532067596912384
1175,6.60015916824341
8799,6.24132871627808
3279,6.42828416824341
2973,3.9786810874939
3396,6.87782955169678
6939,6.45497131347656
965,6.49338388442993
8574,6.55788469314575
742,7.0564284324646
7514,6.15725994110107
3314,1.27608287334442
4898,6.87363195419312
9340,7.14322423934937
4672,5.93865728378296
8618,6.14921426773071
1217,4.57682704925537
4397,5.80464267730713
6080,5.32563161849976
2614,6.08133363723755
2620,6.12892007827759
8714,7.21897315979004
7282,6.45272731781006
3379,6.84526634216309
7301,6.3516263961792
9857,5.54677057266235
5605,1.15800285339355
9813,6.42298889160156
5786,5.64175891876221
8518,7.69314098358154
6850,7.31645441055298
1516,6.44118452072144
5098,7.30182456970215
7636,6.0488338470459
9085,7.28201961517334
8023,6.85784816741943
2392,7.006751537323
586,7.02615118026733
3519,6.3562216758728
7653,6.73290586471558
8946,6.02611446380615
850,6.70029401779175
335,7.23283672332764
6634,5.79739332199097
8972,6.23787641525269
7493,6.53736639022827
2868,6.26763153076172
4872,5.08064699172974
3550,6.28967475891113
3842,5.92692184448242
7262,6.49219608306885
5824,5.40283060073853
23,7.64758968353271
1453,6.47465991973877
1684,6.76793336868286
2310,7.02704238891602
9063,5.83955478668213
9406,6.04862022399902
381,6.35698699951172
5814,6.57996892929077
5550,7.1978759765625
9308,5.17904996871948
1618,7.15353536605835
789,7.12202835083008
5983,7.10833501815796
8672,5.43756532669067
4475,6.3256049156189
5606,6.6905632019043
9312,6.79202508926392
5648,6.91894245147705
6216,6.67342519760132
2286,6.53149127960205
9993,7.80259323120117
7578,7.21711444854736
1183,7.53256177902222
6001,7.45816135406494
5090,6.69429445266724
2516,6.28795528411865
4122,6.92451858520508
5521,6.60396099090576
5627,6.42409896850586
8360,6.81218576431274
5872,-0.130307331681252
8612,6.76736831665039
7727,-0.561480760574341
5968,6.39294338226318
1180,6.06268453598022
8762,6.40520238876343
8235,5.81138896942139
2818,6.6277961730957
9964,6.55476808547974
8703,6.42547845840454
6608,5.17615270614624
2820,6.26777648925781
7535,6.99631547927856
2260,6.6513237953186
2239,7.02493238449097
6021,7.07315444946289
782,7.15940284729004
932,6.35977554321289
6202,5.98495197296143
2412,6.13318061828613
6997,-0.421100676059723
9115,6.78379487991333
1156,5.59377717971802
8107,7.27897882461548
5805,6.06440925598145
4879,6.87782335281372
3309,7.18551111221313
8961,5.9018669128418
1702,6.52103185653687
2492,5.95563888549805
3706,6.92226266860962
8276,6.09460783004761
286,6.92586278915405
1608,6.81753349304199
6631,0.253742426633835
8278,6.78420543670654
7315,7.17819881439209
2252,7.02248525619507
7415,5.43702363967896
8365,6.95455265045166
1891,7.24557065963745
5062,6.1556830406189
6120,6.4288387298584
563,8.00019931793213
291,6.86563587188721
4716,6.32784509658813
7708,6.82877159118652
6349,7.21475696563721
169,7.28610467910767
267,7.36252498626709
4638,7.16876220703125
7077,6.49150085449219
3355,5.82438707351685
8279,7.28174304962158
315,6.8168420791626
6728,5.91914558410645
9495,5.92532253265381
4067,5.68042230606079
245,6.77659225463867
252,7.06173896789551
1111,7.29754829406738
4801,6.01506614685059
1713,6.52547454833984
50,7.21841382980347
1835,3.19650101661682
7896,6.73967504501343
3383,7.0733962059021
6410,6.93897438049316
4313,6.16660022735596
872,6.31188440322876
1254,7.10920763015747
8881,5.8539924621582
5851,6.39101696014404
5702,0.189314186573029
8103,6.46289682388306
2098,6.56973218917847
5128,5.79982376098633
248,6.62606287002563
6561,6.45957183837891
1339,6.16233110427856
7017,6.12576150894165
2110,7.24573278427124
1569,5.84130430221558
1726,6.27330446243286
8384,7.03249311447144
6940,6.63614368438721
4395,7.50127840042114
2420,6.21996831893921
3045,6.44160032272339
5503,7.40939903259277
3703,6.71805334091187
8191,6.72959184646606
5331,7.10927152633667
9808,5.43313074111938
447,4.12646007537842
7894,6.10766410827637
8728,7.03701543807983
7828,5.78364133834839
1768,7.3632287979126
6808,5.92362928390503
4704,6.02101373672485
3869,5.4316463470459
1655,7.26582384109497
3187,7.02214479446411
683,6.99512767791748
4170,6.23093509674072
4477,7.14925479888916
461,6.50722122192383
5764,6.46434593200684
7522,5.94564437866211
4502,4.68571281433105
9709,6.69018077850342
318,6.72699213027954
1145,6.79995632171631
5094,6.53297519683838
1393,7.22851514816284
6623,6.43932008743286
1501,5.80938720703125
6408,6.51707983016968
376,5.41608715057373
410,6.92925071716309
1660,6.19974994659424
3151,7.01008176803589
1623,6.54596567153931
5609,7.01608276367188
8532,6.58152914047241
5802,6.41231441497803
5306,6.01681900024414
7086,6.51531171798706
8897,6.23929738998413
7488,5.9570517539978
9615,6.26526117324829
9217,6.39850854873657
1672,5.74063205718994
2358,6.46263694763184
8467,5.98346662521362
274,6.89706516265869
2473,6.90503168106079
5489,6.51066780090332
4771,6.34374952316284
2107,0.129922270774841
7500,6.31730556488037
4414,6.49818086624146
8138,6.622878074646
8660,1.53911888599396
8239,6.52948331832886
2417,6.49564599990845
8771,6.65392637252808
2236,7.1026816368103
3767,7.83254718780518
9791,6.70105409622192
9989,6.55239677429199
9965,5.97830724716187
7323,6.78660154342651
1383,6.66885471343994
3101,3.40324091911316
3921,6.43211221694946
6685,7.02421808242798
3194,5.61664438247681
1941,5.83169460296631
7713,6.83415222167969
4896,6.74613523483276
4782,6.53381729125977
1496,5.91127967834473
1957,6.65238618850708
9171,5.48064374923706
9745,6.31845664978027
7332,5.76144647598267
7949,5.95655870437622
3017,5.68792152404785
6746,6.25461912155151
513,5.86366510391235
3934,7.91669702529907
3025,6.71741580963135
1199,6.27595567703247
5028,5.33372640609741
9784,6.55023765563965
921,5.74295473098755
4649,6.62265634536743
5332,5.94118165969849
1076,7.56776237487793
6768,5.69263362884521
9410,6.97070550918579
1671,6.57305526733398
474,7.15025758743286
9186,6.28150749206543
8839,6.5251145362854
5758,6.35575437545776
6297,6.5607852935791
2478,6.27241277694702
5493,5.72197723388672
3914,5.44268751144409
2138,6.25946998596191
5454,6.80231523513794
5379,6.04394674301147
8985,7.0908522605896
4023,6.59624576568604
3485,6.31461000442505
2455,1.72434687614441
2464,6.76060009002686
8696,6.16414642333984
1369,6.79494619369507
6688,6.24355173110962
7456,6.57995891571045
9974,5.82977485656738
1901,6.27225112915039
4871,7.0116400718689
4710,7.80885028839111
7886,6.65763378143311
1793,7.29807710647583
2874,6.23412942886353
6217,6.39331865310669
5213,6.11287832260132
2245,6.27382135391235
1741,6.65513372421265
1020,6.40050411224365
705,7.15644454956055
4294,7.59005546569824
5576,6.63353395462036
7166,6.55344200134277
8177,6.79580783843994
908,6.41524982452393
5193,6.72503995895386
3077,6.88039207458496
9366,7.01082611083984
594,6.28495836257935
5304,5.51864957809448
440,6.24766111373901
7606,5.84825372695923
4092,6.07053470611572
6134,7.54709148406982
10,7.41704225540161
3776,7.03620290756226
8999,5.84762382507324
3708,7.02259826660156
3780,5.20878410339355
93,7.07455348968506
9239,7.18668174743652
3949,6.32821369171143
5785,7.10102319717407
4870,7.10117197036743
4802,6.96501016616821
4867,4.81903123855591
292,7.05144214630127
7888,6.15487813949585
7405,6.71270513534546
5595,6.24155616760254
2886,6.607741355896
6454,6.07128429412842
2542,7.72215843200684
1765,6.07009792327881
6800,5.24242067337036
1877,4.03554010391235
1981,5.54597234725952
9729,6.31572198867798
9608,6.28853034973145
2685,7.13072872161865
8930,7.4783091545105
3458,7.12222051620483
4541,6.38455772399902
2178,7.5708909034729
4450,5.53079223632812
3859,7.30701732635498
7623,6.63770151138306
7654,4.85375595092773
4519,5.68642139434814
2517,7.08667707443237
4836,5.84274530410767
2885,7.23128366470337
7281,6.00925731658936
6255,5.66419649124146
4539,6.90852689743042
5639,5.36548709869385
9459,5.57773733139038
3481,6.09839630126953
1277,6.08232927322388
3146,6.70377826690674
8262,6.57531356811523
3205,5.95377540588379
9892,6.35182285308838
2742,6.73140048980713
6076,6.26975059509277
4047,6.97205066680908
5731,6.64379358291626
2945,5.68790435791016
5790,6.84754371643066
6794,6.71540117263794
6543,7.47701978683472
700,7.04123544692993
3574,6.67553806304932
7699,6.74356937408447
2515,6.20626592636108
3000,6.05718517303467
5820,6.00670433044434
8581,7.08092212677002
3684,6.57572603225708
2995,5.9843373298645
4252,5.87544393539429
3411,4.50245046615601
7962,5.82365274429321
6309,5.97825908660889
8611,6.4757924079895
5012,5.95499515533447
7750,5.49386882781982
5979,5.8768253326416
4048,6.73195266723633
4899,7.04108858108521
1318,6.49031925201416
9772,5.58371543884277
9137,-0.790992259979248
7142,5.91468667984009
1897,7.57619142532349
7465,6.69151020050049
603,6.66879034042358
2846,6.01167678833008
8207,6.03946304321289
393,6.31290292739868
4436,5.97845315933228
9447,6.81584405899048
7234,5.87844324111938
5398,6.55042219161987
95,7.73025131225586
1662,6.97803544998169
8970,5.90742063522339
5130,5.59955739974976
1488,6.69709587097168
8316,5.83567810058594
2707,6.81745052337646
1595,6.4812650680542
9277,5.99487972259521
2377,6.22335481643677
5140,5.89948606491089
6147,5.98805522918701
8241,6.79120445251465
3948,6.4716854095459
3933,6.33971166610718
4797,6.07272386550903
4372,6.37191152572632
9862,6.53183841705322
8242,6.55495262145996
3448,7.07279109954834
2943,7.02207469940186
2465,5.83119773864746
8582,6.2610445022583
5506,7.1730055809021
2698,7.17323875427246
2447,6.10919666290283
19,7.45353603363037
2748,7.09312105178833
5399,6.83276987075806
8078,6.87146282196045
6871,6.63509035110474
4708,6.40554857254028
9476,7.60387516021729
809,6.67677688598633
7477,5.98097467422485
2273,6.85413503646851
1923,6.26804351806641
1470,6.9936900138855
7934,6.6007513999939
7407,6.31997680664062
2406,6.21247148513794
1142,6.68838596343994
1747,5.41174268722534
5709,6.51069498062134
4975,6.97767019271851
7300,6.07356309890747
8148,6.1694974899292
2833,6.90550327301025
3131,6.69031476974487
1310,6.751953125
8650,7.48161649703979
6774,6.50270986557007
6756,7.37175750732422
620,7.06254482269287
2701,6.55530834197998
2199,6.40590381622314
6196,5.57334423065186
8824,6.55138492584229
1046,6.76728439331055
5768,6.50042819976807
9947,5.80490922927856
9019,3.73163223266602
743,7.03033781051636
222,7.27041482925415
3149,7.32531309127808
625,6.07610893249512
9334,5.96254062652588
7566,6.08055257797241
4582,6.59682846069336
5711,6.44695043563843
3284,6.09332704544067
7585,5.85871124267578
9646,6.06643104553223
1530,5.86357641220093
9685,5.52431917190552
353,5.62361335754395
2474,5.99513006210327
8013,6.76193332672119
6475,6.28603744506836
6449,6.38583707809448
239,6.48963022232056
2625,7.28680419921875
9786,6.58747386932373
7198,3.30379581451416
7692,6.28462314605713
2997,6.75069046020508
6440,6.05489253997803
4562,6.86843252182007
8614,6.37884712219238
1479,6.87633514404297
1018,6.92376041412354
3094,5.79056024551392
6182,4.83534908294678
4960,6.66678380966187
8492,6.61400461196899
1103,8.20332813262939
6081,5.7166690826416
9525,6.08523607254028
5190,5.952805519104
4181,6.84964513778687
4467,6.82639122009277
1626,6.76056051254272
6717,6.89634799957275
3798,6.61799812316895
3053,7.0909218788147
2867,6.97932863235474
1432,6.66142129898071
7983,7.00932884216309
9346,6.69118452072144
9419,0.797848105430603
4076,6.14017105102539
217,6.79084062576294
3555,7.10606575012207
7936,6.48023509979248
8421,5.71573925018311
1034,6.44850730895996
3773,6.62806081771851
4132,6.09348344802856
2335,6.20147943496704
6492,6.43649578094482
1482,6.60910177230835
906,6.2248911857605
6088,5.99422979354858
6466,6.60137128829956
5676,5.97565078735352
2770,6.97694492340088
1805,6.92902803421021
7374,5.98410129547119
2114,7.15586423873901
4534,6.33500909805298
2531,6.67897605895996
8525,6.60140991210938
3470,7.03168249130249
1402,6.69271659851074
852,7.21346998214722
3082,6.17800092697144
8024,6.98090076446533
7565,5.68638038635254
5529,6.00988531112671
7854,6.49160861968994
4932,6.46182870864868
5159,6.63733434677124
9715,5.64632701873779
3846,6.07101583480835
6483,5.47840213775635
747,6.25568771362305
3034,6.91118288040161
347,6.43453550338745
3351,6.86815929412842
2864,6.21463346481323
2167,6.88096761703491
6954,6.01101732254028
6209,6.21971988677979
2777,5.10201978683472
1441,6.15644454956055
5657,5.6113076210022
9657,6.001953125
3027,6.86805391311646
6117,2.36889600753784
2483,7.11408996582031
2882,7.02917718887329
5561,7.08537912368774
763,6.25735664367676
6481,6.90438604354858
1616,6.3240008354187
1222,7.45216655731201
8664,6.67003965377808
6221,6.78383922576904
1576,6.4501371383667
9391,2.52112102508545
6350,6.75305414199829
3782,5.81216955184937
4374,6.59315633773804
708,6.28564214706421
509,6.23273277282715
2954,6.05948495864868
7537,5.76543998718262
6338,6.86980009078979
8922,6.83402109146118
7063,6.2381854057312
7162,6.90290307998657
7371,6.9997444152832
6828,7.28326559066772
3615,6.07048654556274
4656,5.83525514602661
6975,5.49902963638306
4350,7.21678781509399
711,6.02676630020142
6478,6.84677028656006
9129,6.93346738815308
8204,6.48733568191528
9203,5.87612009048462
712,7.09922885894775
9112,6.45608758926392
1245,5.70629453659058
9785,6.78922891616821
6848,5.6968150138855
5133,5.74013710021973
715,7.13216018676758
3463,5.83105182647705
4394,6.7550368309021
4568,6.60595417022705
8803,3.46753692626953
8489,5.95143127441406
7701,6.7024393081665
212,6.006187915802
9767,5.99619340896606
6838,5.90637302398682
1010,7.47357559204102
323,6.99165487289429
5396,6.45839166641235
5990,6.80575037002563
3172,6.57066488265991
334,5.98148536682129
8305,5.23642349243164
2210,5.99214935302734
4271,5.97318840026855
6740,5.59074640274048
233,7.17874622344971
5950,7.06414556503296
5737,6.32880306243896
7921,7.07841539382935
2348,7.16965198516846
2036,6.4133768081665
7484,6.11494827270508
6006,6.30165195465088
4553,7.47339534759521
8072,5.39482593536377
1458,7.0093936920166
3288,6.54859352111816
3064,6.55026531219482
9436,5.81750535964966
774,5.80830860137939
6832,5.61279010772705
871,6.56068086624146
8749,7.28484010696411
1263,7.24699831008911
4833,5.81838893890381
3894,6.81593704223633
6323,0.198430016636848
9212,7.15654945373535
7019,6.30475282669067
1220,7.0135440826416
1446,6.99934959411621
3184,6.04691171646118
408,7.29168558120728
4344,5.92972660064697
3021,6.55418872833252
2303,6.22757339477539
6271,0.295281589031219
8280,6.44813346862793
6641,6.29890060424805
6955,6.90602350234985
2109,6.27111434936523
5351,1.51693630218506
9683,0.592276513576508
8343,6.81432962417603
4549,5.41414022445679
1880,7.03904724121094
5945,5.84206247329712
1737,6.54345512390137
7793,6.95975255966187
5212,7.29826879501343
3208,7.04143524169922
7082,6.59725427627563
2055,7.56444263458252
1688,6.44930744171143
4779,6.21990871429443
7475,5.41039800643921
7876,5.31002616882324
6749,6.52633905410767
8555,6.12221574783325
8122,5.69419384002686
6990,6.37049388885498
8266,7.23860740661621
8539,7.3619556427002
3392,6.6138391494751
6325,6.70134687423706
3528,6.54219770431519
4604,6.11215162277222
7023,0.332108914852142
6321,7.13588714599609
745,7.83879709243774
710,5.91813135147095
379,7.24199438095093
8782,5.53341436386108
3011,5.61373853683472
8858,6.01647710800171
7152,2.65858149528503
8566,5.99140739440918
3497,6.45873165130615
3889,5.41986799240112
4484,7.05589771270752
4011,5.8245005607605
2619,6.57875776290894
6670,6.68682861328125
6512,5.91001605987549
3467,6.67637538909912
1313,6.44423818588257
8605,5.72533226013184
2069,6.58934783935547
2982,6.79535436630249
5914,5.96947813034058
9170,6.2302827835083
1285,6.19168186187744
8990,6.26158714294434
8429,3.73544073104858
1349,7.45845890045166
2611,7.11403846740723
9494,6.66716814041138
3668,7.28371524810791
2221,7.25964212417603
427,6.15713405609131
653,6.62821054458618
9913,6.62560415267944
3535,5.4446496963501
7736,6.75261449813843
3245,7.24988985061646
4740,5.92158317565918
9068,6.38864517211914
4099,7.55522537231445
4100,6.37229156494141
6959,3.93359565734863
611,6.64319467544556
4288,3.27440571784973
8570,5.36908912658691
9712,7.33442783355713
1543,6.11295032501221
9535,6.37576246261597
3853,6.09878921508789
554,7.67716455459595
6365,6.22929668426514
511,5.72124862670898
3206,5.58848476409912
8084,7.13907814025879
967,6.59028577804565
6043,-0.792440354824066
6879,6.72738647460938
6775,5.7728214263916
3295,6.54861879348755
8701,6.90967512130737
3429,7.18932580947876
8870,6.80044460296631
6962,6.91162872314453
2088,6.28095817565918
8499,7.02389717102051
6162,6.51639556884766
3210,6.15066957473755
9200,5.69059944152832
6605,6.27375841140747
1109,6.94921112060547
5728,5.94193267822266
7829,6.66684103012085
1038,7.07601976394653
1194,6.89950227737427
4474,7.15231800079346
9874,7.05429649353027
2122,6.43321323394775
4982,5.64170360565186
8973,5.91732358932495
5700,6.65689373016357
934,6.25240993499756
6101,5.37212753295898
4689,6.71524524688721
394,7.08706378936768
4685,6.19359159469604
8776,3.32390069961548
9165,6.43186521530151
5980,0.180670499801636
9942,6.35443544387817
2191,6.36826038360596
1297,7.40570878982544
5044,7.18945217132568
1162,6.95577478408813
4254,7.27233028411865
6372,6.91993284225464
1527,7.95211887359619
4342,6.63030767440796
2030,6.07740497589111
3060,6.55364179611206
58,7.81069898605347
2405,5.9821081161499
5006,7.11932468414307
6157,6.1584620475769
7375,4.1675443649292
4506,6.59695720672607
5214,5.53117275238037
6029,6.3218469619751
1780,6.27136039733887
5447,6.05454874038696
4606,6.55545711517334
6914,5.42488956451416
676,7.29713678359985
3582,6.42471885681152
3653,6.77201509475708
7920,6.82623386383057
9499,5.85526704788208
2732,6.75824213027954
4787,5.97810125350952
2754,6.3915228843689
2337,5.94302845001221
3643,5.28696870803833
7737,6.17259407043457
5516,6.49892950057983
5246,5.76499843597412
866,7.10493183135986
4447,6.92865371704102
5071,6.28367471694946
4881,2.97074818611145
9510,6.52803802490234
3002,6.85276031494141
2225,6.51247024536133
9056,7.37017250061035
4826,6.36956834793091
7621,6.96990489959717
9689,6.63109350204468
5500,7.48335218429565
9700,6.87213134765625
8478,6.25843238830566
5502,6.03689241409302
1210,-0.0366770848631859
9083,6.12176370620728
2288,5.69321250915527
2183,6.44703960418701
2862,5.80294561386108
6861,5.40546846389771
2362,6.14170408248901
8463,6.65725374221802
6332,5.85000848770142
4064,5.53884935379028
9546,6.87700843811035
617,7.09182453155518
3281,6.79549837112427
5226,5.86295700073242
3397,6.17895841598511
3065,6.93845129013062
766,6.08168935775757
7078,5.99331188201904
5279,5.30655288696289
4149,7.08692264556885
1144,6.88588571548462
4248,5.95913028717041
4110,7.02884769439697
462,7.15710067749023
2932,5.99592065811157
4623,7.02346897125244
3813,6.92806005477905
6308,6.31341457366943
4341,5.54639005661011
5300,5.2738094329834
6804,6.73313474655151
3282,6.90607976913452
2574,5.83098745346069
7961,6.06056642532349
7879,5.90879726409912
828,6.68027782440186
6486,6.41754293441772
7599,7.06568956375122
2540,6.53937387466431
5746,7.06010580062866
8526,7.05616521835327
9566,5.31872797012329
3742,2.63630270957947
7498,6.58235740661621
3524,6.07810258865356
20,6.70970964431763
1915,2.55805397033691
6571,7.02888917922974
9018,6.38877868652344
2012,6.49484539031982
5405,5.31560611724854
1295,6.99205350875854
3745,6.17077827453613
591,5.46413803100586
1406,6.01997661590576
221,7.56852579116821
5617,5.50962495803833
6248,6.58873414993286
4418,6.26989412307739
858,5.79324054718018
1783,7.57910346984863
7259,6.411536693573
6856,5.92842769622803
1954,6.43467855453491
1746,6.72711563110352
3132,6.65359354019165
8036,6.55263090133667
8850,6.73660039901733
994,6.47396373748779
6108,6.61576080322266
730,5.78095674514771
6974,6.59632110595703
6273,5.3159875869751
6751,6.63872385025024
3509,6.67968320846558
3533,6.6673150062561
2513,6.36679267883301
5436,7.12775802612305
3625,6.81394910812378
465,6.44963693618774
6755,5.87242031097412
6759,6.68122148513794
7991,4.94545221328735
157,7.53217792510986
3960,6.93961763381958
8832,5.85427379608154
5470,6.62646675109863
185,7.32851600646973
1002,7.1656346321106
9508,6.50092315673828
5623,6.35019063949585
400,4.12711811065674
6240,6.77053928375244
8940,6.1360445022583
9932,5.77841663360596
7342,3.94551634788513
9832,6.34391450881958
8466,6.71265554428101
8756,6.08012390136719
7958,7.32092905044556
1250,5.79149866104126
3143,6.39743328094482
7430,6.05114459991455
59,7.64161968231201
7855,5.78306245803833
1113,7.17071390151978
3057,6.95861101150513
9569,5.74168825149536
1328,6.76708889007568
4995,5.71228456497192
6682,7.91853189468384
2072,7.09593677520752
4793,6.61748647689819
6829,6.84015226364136
9629,6.88493967056274
8218,7.03244495391846
7567,6.41899108886719
5922,6.2856125831604
1550,7.25328063964844
1009,6.91925668716431
3755,6.68662452697754
8681,7.14666175842285
9342,6.88428831100464
8009,6.52327823638916
3860,7.08325624465942
3148,6.21378612518311
2519,7.29005289077759
3127,6.13074922561646
9084,6.01511192321777
5316,6.69889116287231
1195,6.16565799713135
9050,5.56509160995483
879,6.60064888000488
6989,6.32583284378052
2487,5.28890085220337
2840,5.66111278533936
4329,6.49621629714966
2930,5.65948104858398
6424,4.94152784347534
2485,5.34077548980713
5747,6.57358264923096
883,-0.0374660789966583
4914,6.17281579971313
6210,6.30621099472046
9578,7.46075582504272
211,7.34357643127441
2275,6.91484308242798
2328,7.16553068161011
4950,6.16084098815918
3319,6.09474325180054
9834,6.41888904571533
4607,6.26337766647339
1438,6.02742147445679
467,6.44146728515625
5466,6.48904514312744
3329,6.53524494171143
5828,6.788978099823
8607,6.99362421035767
696,6.84804534912109
7267,6.58441686630249
9144,-0.213168829679489
8180,7.05030632019043
9938,6.87192249298096
1314,5.96729755401611
2301,6.33353996276855
2039,5.90986013412476
7108,7.35244512557983
3666,5.80794286727905
914,7.37920665740967
12,7.61085748672485
8583,6.42859411239624
6427,6.3930287361145
1536,5.72385311126709
736,7.09099435806274
8201,6.72123956680298
8652,6.55622911453247
453,6.09057474136353
4345,5.91101837158203
927,5.95761632919312
6291,6.40393877029419
8281,6.01640701293945
8722,5.70245409011841
6473,6.55346918106079
37,7.28606128692627
5770,6.56353998184204
2554,6.31541872024536
7632,7.52065658569336
9998,6.31680202484131
6620,6.92629432678223
940,7.23336219787598
7398,6.63059663772583
6128,6.40139579772949
9829,7.49566268920898
2680,5.81791687011719
4354,6.81113958358765
3058,7.06516218185425
7880,5.57587575912476
738,6.26212072372437
538,6.83009004592896
3325,5.85311269760132
4239,6.8203501701355
1400,6.4301609992981
4046,7.48812532424927
5137,6.99993896484375
4229,6.96865224838257
4191,6.5608868598938
9142,6.62906265258789
5538,6.73957395553589
2692,6.53001070022583
5340,5.97522687911987
9917,6.69098663330078
7670,5.83191156387329
9173,5.29013204574585
1807,4.51864624023438
5111,5.97361135482788
3989,5.37963962554932
3455,6.79327917098999
2907,6.74503231048584
6651,5.61283016204834
8287,5.25105428695679
6244,7.10818243026733
2697,5.81717872619629
4016,6.8779764175415
4339,6.72094631195068
4645,6.46862983703613
7739,7.0249490737915
7091,6.25412368774414
4692,6.66195011138916
1739,6.05909299850464
5406,-0.119289115071297
4588,5.68463802337646
3125,7.26193237304688
2157,5.91995525360107
5333,6.64432811737061
8636,6.45748376846313
1825,6.8000750541687
4230,8.06421852111816
3487,7.30419826507568
9053,4.44440364837646
9768,6.46903324127197
3647,5.91676187515259
5902,6.95585680007935
6385,7.4501314163208
5638,7.06264638900757
6423,7.23145771026611
7826,6.51447439193726
7743,5.94152498245239
3012,6.70985651016235
7671,6.31075286865234
9548,6.15204048156738
9977,6.50837755203247
3080,6.5595817565918
3520,5.84999418258667
4978,5.66305112838745
7619,5.61638927459717
4347,6.85566902160645
8440,7.45785856246948
1346,6.50483894348145
7087,1.48501992225647
8947,6.14627456665039
5651,6.66963720321655
8081,6.86230516433716
1791,5.98912477493286
7428,6.91784000396729
9579,5.74286985397339
9959,5.38766288757324
2270,6.99373054504395
9766,6.23534917831421
2955,6.50712251663208
3443,7.16446352005005
7735,6.90285205841064
833,5.57160568237305
6498,6.60955858230591
2991,6.86900424957275
7792,5.55638027191162
2150,6.55064916610718
4022,6.19244956970215
7614,6.57932567596436
6123,6.67514085769653
3338,5.69399547576904
4343,6.59309530258179
4463,6.76400756835938
2375,6.39841079711914
9043,5.49533367156982
5570,6.46311521530151
8598,7.18846464157104
8503,0.0418330058455467
8879,5.68157815933228
1886,7.22654914855957
1197,6.64083290100098
6426,5.64673280715942
8910,6.77785110473633
2935,6.8942437171936
6341,1.05210399627686
1429,7.66524410247803
6306,7.88642120361328
3649,6.91129779815674
1937,6.74596500396729
5171,6.37380790710449
7763,7.1814341545105
6392,6.05426549911499
1153,5.03479957580566
6249,5.9070520401001
7036,6.25687074661255
4228,7.01185369491577
4974,6.62251806259155
6400,6.81000995635986
3639,0.28469854593277
3971,6.28451108932495
9593,6.45334529876709
3375,7.16362714767456
2486,5.92059278488159
6953,6.72474050521851
605,3.73461723327637
7443,6.23434209823608
5927,5.88724994659424
2453,5.5809497833252
3608,7.60933876037598
1483,6.79320096969604
4518,5.337571144104
3037,5.9240403175354
9351,6.30716323852539
7691,6.79434108734131
4115,6.54272842407227
1426,7.28889322280884
496,6.71764993667603
3352,7.04221820831299
8793,5.88716745376587
758,7.30257272720337
837,7.29120206832886
4326,6.47406625747681
2127,7.35658025741577
1022,6.66150093078613
8761,6.03239107131958
5613,6.84845447540283
5580,6.34377002716064
1057,5.99943113327026
9541,6.12812089920044
6855,6.84845733642578
7348,5.30180263519287
9044,6.90881013870239
2128,7.88255310058594
2766,6.87124586105347
2108,6.18288469314575
3616,6.68220281600952
1544,5.79763793945312
6913,6.38882112503052
1718,5.98545789718628
7434,6.32408094406128
7364,5.75759887695312
6234,5.66871118545532
724,6.78578329086304
6672,6.21933937072754
8028,5.30135011672974
5491,5.56356477737427
1127,6.21810960769653
2956,7.29604816436768
5155,5.85354232788086
4816,6.45429611206055
6201,6.7246413230896
6223,5.54203796386719
8685,5.65209674835205
7113,6.50683403015137
5274,6.73528146743774
8535,5.63327407836914
3043,6.98019027709961
6911,5.95661783218384
149,8.18249320983887
7573,6.68939018249512
4205,6.39337778091431
5492,6.95459699630737
2689,7.96293687820435
4220,4.98680400848389
9101,6.02199125289917
841,6.77851057052612
8136,6.01830863952637
6437,6.02001523971558
9699,6.81170749664307
6199,6.98356056213379
2794,6.78515577316284
7625,5.85654926300049
8474,7.14657640457153
7889,6.76293897628784
6607,6.04029035568237
9194,5.80602693557739
8247,5.66098594665527
1392,6.49187517166138
1921,6.3967752456665
7018,6.67086124420166
3621,0.384716391563416
4848,6.99293661117554
2291,6.00648546218872
2133,7.45901346206665
550,7.12332963943481
1740,6.99717617034912
5289,7.77829885482788
1817,6.29565000534058
4698,6.23344230651855
5181,6.6727991104126
3018,6.81371784210205
17,7.21395778656006
1770,6.19148015975952
1888,6.37062454223633
2152,6.29254674911499
1642,6.78991365432739
7846,6.33783149719238
4193,6.50159549713135
9432,6.31755685806274
8898,6.65360689163208
533,7.64645433425903
132,5.6516580581665
7722,6.87056922912598
8458,6.10289335250854
964,5.98642873764038
8719,6.05618143081665
6412,6.32085466384888
8285,6.69545459747314
7853,6.4020619392395
1095,6.7646312713623
6929,6.02771472930908
9254,6.16419696807861
1561,6.4062671661377
1670,6.47178268432617
6087,6.73291778564453
6669,4.85670948028564
5933,7.46447610855103
8829,6.48319816589355
7945,5.18233680725098
3508,6.6362247467041
2002,6.75312948226929
5866,7.76022481918335
168,7.10001611709595
2588,6.70133590698242
5905,6.77116060256958
9529,5.55412626266479
6384,6.96301078796387
7824,0.155671164393425
9779,6.35788631439209
4629,7.1155104637146
8560,6.0262451171875
9291,6.51739311218262
6874,6.60824823379517
6521,6.2276668548584
8979,5.91397953033447
6647,6.95972728729248
9825,5.43520927429199
210,6.70891809463501
5278,7.65049362182617
1919,6.64819240570068
718,6.22764205932617
4868,7.25844049453735
7834,6.89018678665161
1298,5.58425569534302
9193,6.75663089752197
4617,6.28723001480103
3128,6.16664409637451
9795,6.18102979660034
3979,5.99266052246094
9924,1.45979404449463
8317,2.0045166015625
4393,6.83322429656982
1287,6.58863353729248
4355,6.51786422729492
7013,6.81669235229492
3885,5.83126449584961
5749,6.24179935455322
9169,-0.0234784241765738
2407,6.66697835922241
2013,6.41585826873779
5153,6.82352828979492
8551,0.748588442802429
4376,6.94203567504883
8822,6.47822618484497
4273,6.29143810272217
5825,2.38145685195923
6699,6.38353252410889
7243,0.912642657756805
449,7.08721542358398
2227,6.43403005599976
5756,5.88423204421997
810,5.73914337158203
4180,6.92553758621216
9000,5.90576887130737
5438,7.08251810073853
7533,6.55074882507324
6369,5.79417037963867
8416,5.93403291702271
1477,6.77986288070679
1790,7.65043497085571
2008,6.41045808792114
682,7.25764083862305
2816,6.63194561004639
9431,5.95777034759521
3774,5.98370027542114
6495,7.02647256851196
8878,6.34728384017944
7361,5.87467098236084
8366,5.2270655632019
7474,6.14387845993042
46,6.8747501373291
30,7.59351491928101
8250,6.27632188796997
6935,6.60587787628174
1468,6.13703155517578
1665,5.81864070892334
1416,7.23824501037598
6480,5.37772226333618
4852,5.85132884979248
2470,6.04702281951904
4373,6.21084451675415
8524,6.85689210891724
429,6.98867321014404
5244,5.43982839584351
2119,6.73867511749268
385,6.39373445510864
1945,6.14193868637085
4224,7.69708251953125
473,6.88893795013428
2129,6.67591619491577
6556,5.93385887145996
6998,5.55485725402832
1055,6.39732837677002
3274,5.90571594238281
4961,5.24358940124512
5363,6.19952583312988
5816,7.36356735229492
811,6.89650678634644
4573,5.40810966491699
6137,6.09129285812378
2388,7.22794818878174
9648,6.43785667419434
6225,6.20013666152954
111,7.22670841217041
8909,6.29621744155884
1745,6.22142505645752
7851,7.4010648727417
1452,6.45647954940796
319,7.19877862930298
8593,6.78623533248901
3333,5.96275043487549
1922,6.61287403106689
5865,7.10282754898071
9528,7.28403902053833
3685,6.69223690032959
4275,6.76481199264526
4889,5.80814599990845
5225,6.61023712158203
7472,6.14309453964233
3605,6.88770961761475
1052,7.12056827545166
4156,0.396375209093094
9676,7.30395221710205
99,6.84858798980713
7508,1.33380687236786
1456,5.85840034484863
7688,5.59441518783569
4004,7.33311223983765
6866,7.26403951644897
4509,2.70252895355225
3299,6.18881130218506
3799,7.04608297348022
4281,7.29598045349121
9051,5.24213647842407
6462,6.6019549369812
7912,5.73911237716675
1414,6.86654949188232
540,7.04040336608887
5815,5.54777383804321
8199,6.69872426986694
3680,6.60760688781738
754,7.11036777496338
4196,5.76360654830933
2650,6.8529314994812
4522,6.17432641983032
9519,5.2400803565979
3118,6.60474348068237
3728,7.01794528961182
3886,5.72756958007812
7107,6.79629707336426
8068,-0.00909093301743269
7325,6.82560300827026
8483,6.06526756286621
8767,5.20558977127075
6500,6.40659141540527
8426,5.02969121932983
7963,7.19541454315186
601,7.26509475708008
9249,7.48850345611572
8919,5.79208993911743
6814,5.80462980270386
5411,6.58639574050903
8747,6.36491060256958
5522,6.35908174514771
1044,6.65587997436523
7334,5.91431570053101
1557,6.49479579925537
3739,6.82641649246216
3522,5.88942766189575
180,6.90324020385742
2115,6.42661571502686
1699,6.02407884597778
1379,5.62315511703491
7229,7.47767496109009
9143,6.45603942871094
618,7.36968994140625
3181,7.22876691818237
9851,6.96616268157959
1600,6.06950664520264
5963,6.67987012863159
1615,6.39267444610596
5920,7.23338079452515
9591,3.81134533882141
3891,6.7660984992981
2083,6.29336547851562
4574,6.67160320281982
5594,6.97494602203369
5121,6.24808120727539
4587,5.6526927947998
4902,5.21445846557617
8252,6.46769332885742
5916,6.14160060882568
5129,6.63267183303833
8334,6.82590103149414
1918,0.0139440884813666
8330,5.60623455047607
5707,6.91742944717407
5384,6.59189128875732
6336,7.14554214477539
2054,7.0831880569458
7612,5.31944847106934
9209,5.7802848815918
3963,5.15516519546509
1126,6.89174127578735
3428,6.57393312454224
4601,7.28639078140259
3721,6.26026439666748
2389,7.11135292053223
1322,6.15957641601562
1603,7.02974367141724
7224,5.39998912811279
7425,5.73680448532104
4336,6.4692554473877
5593,6.93450832366943
4411,7.28150987625122
5858,6.34730958938599
9343,-0.493918418884277
3991,6.89754629135132
6079,6.85525703430176
1559,5.91572761535645
4682,6.62754583358765
7557,5.55632781982422
3772,6.21404409408569
8779,5.51254367828369
3457,5.75748443603516
8383,6.78880310058594
1354,7.17429161071777
45,7.71983766555786
9872,6.42162132263184
748,7.47662401199341
7917,6.09617757797241
4241,6.32405567169189
5628,6.13199996948242
4657,6.85888528823853
4238,6.45906114578247
3460,7.26557064056396
7381,5.50058650970459
5549,6.33288955688477
7075,7.41993808746338
5838,0.327244311571121
8091,6.5842752456665
5474,6.04404592514038
3614,6.95574903488159
7501,7.01246976852417
7053,6.31812763214111
7367,6.24513149261475
8019,5.79452991485596
9638,7.33067560195923
9055,6.38002157211304
664,5.71877384185791
2319,6.30749130249023
3542,5.72473621368408
3677,6.41944217681885
9599,6.14603471755981
3091,5.56464529037476
675,6.40829372406006
8676,6.44589281082153
4884,6.77496719360352
8079,7.11576795578003
1962,6.017258644104
1840,6.31565237045288
7168,6.77191209793091
9898,6.16502380371094
3538,6.8532977104187
8026,6.6662425994873
4866,6.73305892944336
4174,6.48064851760864
8088,5.96748876571655
4377,5.66099262237549
6211,6.53974628448486
4766,6.40831756591797
411,6.37627935409546
613,6.84705638885498
6126,7.35586547851562
5210,6.02111053466797
1430,5.89116811752319
2425,6.04435014724731
8841,6.37164878845215
3833,7.39389133453369
4718,6.75259447097778
7185,5.63443613052368
1417,5.9407114982605
7199,7.62958526611328
604,7.05999565124512
1272,6.39312934875488
3964,7.04311943054199
6367,6.55179452896118
8746,0.206391826272011
247,7.44839096069336
9226,5.71167659759521
1982,5.84386920928955
2835,5.7278094291687
5375,5.59061288833618
199,7.25160455703735
485,5.6803412437439
6083,6.05918645858765
8956,5.83882188796997
455,6.60672950744629
9798,7.36026191711426
8826,5.36632680892944
6515,6.54716396331787
1721,5.61398410797119
7050,5.63655948638916
6382,5.98953437805176
8165,5.66576671600342
5767,5.81841802597046
5809,6.83735799789429
4626,5.15416669845581
862,6.85759449005127
2094,6.43417024612427
947,7.41120386123657
5641,5.41223621368408
1444,6.56414079666138
1280,7.11220264434814
3110,6.74881982803345
8952,5.89063262939453
7609,6.72238254547119
5135,6.08913612365723
3016,6.18527889251709
2302,6.40742683410645
2004,6.9211254119873
4580,6.28023386001587
8704,7.48658895492554
1005,6.85936403274536
5138,6.37849950790405
4317,6.19028902053833
6558,6.47559642791748
4387,7.75497579574585
2132,4.15802526473999
4265,6.7093563079834
2057,6.39580392837524
5386,5.62013339996338
229,6.03530502319336
2889,6.48317575454712
4472,7.4336462020874
6064,5.99130010604858
7924,6.79974937438965
7649,3.37844133377075
8381,6.51036548614502
209,6.61445951461792
2758,5.96109867095947
8471,6.60418605804443
2948,5.49803352355957
7116,6.97367906570435
6330,6.92041397094727
1728,6.31983852386475
4176,6.12671375274658
337,6.57241868972778
4984,6.28931951522827
6878,6.66354990005493
7248,5.71232509613037
8452,6.29268026351929
1226,6.07889938354492
7608,5.82334327697754
6827,7.19019842147827
3540,7.33400821685791
5868,5.74214458465576
2111,7.00475263595581
2691,7.12430477142334
7153,1.02998805046082
3707,6.64468479156494
1017,5.80576801300049
8511,6.72072410583496
2807,7.22639036178589
5015,5.57835960388184
1928,6.71111297607422
350,6.5262017250061
5173,4.73456430435181
4192,4.95160865783691
1934,6.39864063262939
6901,6.75474214553833
4823,5.43218946456909
564,1.20805621147156
1582,6.70754098892212
4694,6.46217584609985
2175,7.08531522750854
7028,6.50031900405884
4880,6.28391599655151
2228,6.55181980133057
1115,7.61879444122314
3126,7.03105354309082
3544,6.09087371826172
5048,5.99306106567383
7476,5.94935464859009
821,5.79190254211426
6532,6.93524026870728
2272,2.2691113948822
5545,6.5272102355957
81,6.98174571990967
1323,5.69707012176514
9405,7.04644012451172
1614,6.68637990951538
831,7.3455696105957
3883,7.01527786254883
8641,7.08507299423218
4464,5.1931266784668
5339,6.57436847686768
8066,5.67901659011841
1649,6.4456729888916
4065,6.74666500091553
9665,6.73936319351196
3038,5.59069061279297
3320,7.24622821807861
7143,7.12775087356567
6889,6.33292961120605
5092,6.92395734786987
3720,5.94597101211548
2423,5.8044490814209
749,7.30271863937378
5271,6.774658203125
2373,5.73689746856689
4693,6.15262031555176
9879,6.14301204681396
8370,6.3185601234436
7319,6.77593278884888
4368,6.1189341545105
6785,7.73394823074341
7401,7.61142635345459
1139,2.9529230594635
7631,6.13931083679199
2231,5.61581230163574
2164,5.50987100601196
5217,6.55296421051025
9444,6.66596412658691
9237,6.31105756759644
4561,5.94582605361938
1570,5.59833812713623
172,4.566002368927
7163,6.5379958152771
2087,6.44797229766846
4667,6.93357086181641
4565,6.11264610290527
7089,6.33148574829102
6569,6.13240003585815
4783,5.91323804855347
2684,5.63985347747803
1832,6.36433506011963
8546,5.82126617431641
5065,4.89539051055908
9130,5.65012264251709
9355,5.59836959838867
4412,5.39913082122803
7207,6.70919990539551
9890,5.47032928466797
834,6.46469020843506
6821,5.81840944290161
3781,6.9346284866333
9012,5.77479457855225
7499,6.91669368743896
3424,6.6897611618042
65,7.38110876083374
2963,7.26623582839966
5669,6.36890649795532
8962,5.8450345993042
354,6.69257164001465
8171,7.29545927047729
4030,6.75033664703369
8534,5.88725662231445
3651,7.05695772171021
6739,6.99396800994873
3297,5.40688467025757
4127,5.59730911254883
8043,6.39453506469727
4767,6.43901920318604
472,6.54629850387573
3761,5.96758651733398
8617,6.20309019088745
3566,6.88558053970337
2760,5.89356279373169
868,5.73445796966553
9382,6.49219179153442
8688,6.38030385971069
4052,7.58069276809692
6130,6.50073766708374
3244,6.87543821334839
4842,7.27844858169556
9330,-0.260690629482269
5640,5.56290721893311
5780,7.06752824783325
8540,6.0799765586853
1075,6.02780961990356
2957,5.98364973068237
6752,7.01178550720215
8657,6.20149183273315
7272,6.50529193878174
4759,6.34876585006714
4862,7.39816808700562
7025,6.75919389724731
7647,5.8602352142334
7161,6.91950464248657
73,7.4176082611084
4901,5.70724582672119
4375,6.18657112121582
6698,6.09029531478882
9805,5.54500436782837
1101,6.29929399490356
9537,6.21982908248901
7655,-0.853158831596375
5235,7.03081607818604
5165,6.59254360198975
118,7.09598541259766
2022,5.60450172424316
9885,6.52056503295898
2638,6.57288837432861
2034,7.17046928405762
2564,6.34182119369507
8665,5.67818546295166
3543,6.74778747558594
1219,6.5350546836853
9714,5.52143430709839
6711,6.19585847854614
2903,6.28999710083008
3026,7.07128763198853
2510,5.9785418510437
4201,5.91532564163208
3207,7.11862325668335
4489,6.92422389984131
2755,7.35379838943481
8889,5.36353397369385
177,6.88577222824097
1643,7.53373241424561
9292,6.61800098419189
3518,5.69010877609253
1374,6.58957481384277
1720,6.4115743637085
3995,6.36496162414551
3688,7.17309761047363
2264,5.89945459365845
87,6.69962453842163
2848,6.84485864639282
8687,6.60826921463013
403,7.46141481399536
9900,7.0779390335083
4077,6.42707586288452
6835,5.71627235412598
6537,6.44039487838745
2456,6.42819738388062
2751,6.08073759078979
2214,6.20525741577148
1027,4.77497673034668
9703,6.30253601074219
1421,5.58342218399048
2436,7.01528835296631
4277,5.57018995285034
9609,5.43983030319214
1278,6.81029081344604
6220,6.18609571456909
4907,5.82855749130249
5064,7.36394500732422
1978,6.25064659118652
1061,7.03675317764282
5014,4.74332332611084
4535,6.96633052825928
6993,6.39238977432251
9253,6.82470083236694
1502,6.06746768951416
8568,6.33375692367554
9314,5.33321762084961
8836,5.46138191223145
8920,6.24319267272949
4918,6.86078023910522
678,7.0474157333374
5076,6.44791746139526
8064,6.44639015197754
7568,6.45365333557129
102,7.01274538040161
957,6.26667785644531
8556,7.62133693695068
3785,4.5661768913269
9630,1.67540621757507
7173,5.53462743759155
4043,6.14961957931519
2648,6.79331207275391
6000,7.02341890335083
7927,6.32820558547974
2826,6.29404163360596
4094,5.68973827362061
7774,5.82627153396606
9258,5.69408273696899
8113,6.43686485290527
4772,6.88627767562866
1947,5.6999306678772
6109,6.44467496871948
2299,7.62858009338379
7844,6.3055682182312
4382,6.19764852523804
5425,5.33455324172974
6771,6.45130920410156
8578,6.64984941482544
4291,6.87101268768311
528,6.77277612686157
1233,6.67411661148071
779,7.53492832183838
5859,6.39724016189575
3059,6.03244781494141
8587,7.04148483276367
1860,5.98627090454102
8438,5.60374450683594
7403,7.12284135818481
4639,6.54327297210693
4250,6.1286678314209
1992,5.87821388244629
7379,6.42690181732178
7305,7.66794013977051
5303,6.72445678710938
8192,6.47514486312866
7447,3.29675602912903
2471,6.74008464813232
7197,7.91268062591553
5312,6.71070194244385
9035,5.96513748168945
1396,4.49457406997681
4002,5.64002466201782
5371,5.52683019638062
3235,7.03223133087158
1042,6.83742189407349
3298,6.01932048797607
7256,6.83215188980103
257,7.127760887146
7286,5.63251447677612
8616,6.76804542541504
7816,6.00401830673218
5843,6.45092916488647
2089,5.75317859649658
7702,6.9202094078064
503,7.61262083053589
5265,6.49733352661133
8814,6.13105583190918
1345,6.20396709442139
8455,7.00361108779907
5046,7.32764911651611
2248,5.90144348144531
4981,6.66641044616699
372,6.31530237197876
8454,7.09342002868652
3370,6.35035133361816
2006,5.93978643417358
3656,6.82747316360474
8327,6.41234016418457
7521,6.10233116149902
4001,7.36085224151611
6072,6.63992071151733
8736,6.47076177597046
997,6.54177665710449
8179,6.37322092056274
3290,6.00943613052368
1176,7.08538484573364
551,6.25872945785522
744,7.45710229873657
7223,6.78389835357666
4554,6.0342869758606
2859,7.28152465820312
8820,6.63677835464478
3459,6.96807670593262
2724,6.39175748825073
6847,6.82868766784668
7615,6.0762414932251
7547,4.83251476287842
9174,5.67979907989502
6393,6.85073232650757
5358,5.85036659240723
9488,5.76849365234375
2968,6.26763582229614
693,6.08916997909546
2533,5.85007238388062
6399,6.71199226379395
982,7.17563915252686
5364,7.20499801635742
79,7.09774017333984
4053,6.85166931152344
6258,6.24378681182861
9576,6.73401927947998
9025,6.74690055847168
3107,6.3174033164978
3601,7.06156158447266
6073,5.83847522735596
8126,6.5110764503479
2142,7.45811605453491
6310,6.83299970626831
2268,6.41427516937256
445,6.15945768356323
4883,6.19621992111206
4466,6.71091461181641
9026,5.72635555267334
6632,6.11527395248413
3316,6.43617010116577
1701,5.63108539581299
2526,6.46972799301147
68,7.61191701889038
1168,6.85867643356323
48,7.41573143005371
1053,6.6169867515564
4029,6.77838230133057
880,7.8460545539856
2651,6.64364433288574
7759,5.73895978927612
2439,7.00529384613037
4924,6.67958498001099
1467,6.88000631332397
7292,6.75962781906128
5035,5.72315835952759
2441,6.75885009765625
6554,5.70112037658691
230,7.47933578491211
1320,5.91933250427246
41,7.97704362869263
777,6.52873945236206
8950,6.59776449203491
8404,6.41116762161255
1729,6.98021268844604
3910,7.48653364181519
579,6.70709848403931
9941,6.22902536392212
5839,5.68783283233643
8271,5.94823360443115
7275,6.96762228012085
1491,6.52327394485474
9109,6.57870197296143
5610,5.95727920532227
61,1.71873199939728
5471,6.51198530197144
3905,6.50061702728271
6531,6.53190517425537
402,7.0864109992981
332,5.08576393127441
2084,6.79476881027222
9557,5.99700355529785
164,6.34540462493896
4379,6.85003185272217
2715,6.29719495773315
8923,7.41314601898193
7346,6.73513269424438
5453,5.66946935653687
7046,-0.033312801271677
1334,6.30818033218384
8698,6.63882303237915
1659,6.0430064201355
3578,6.34066295623779
753,7.14310455322266
6584,5.94113111495972
706,7.28124761581421
3014,5.97221279144287
8558,3.58495664596558
9875,2.56615853309631
9582,7.09733438491821
8928,5.60812759399414
9556,7.2943549156189
8983,7.78036642074585
1834,6.84666776657104
2996,6.56185722351074
5427,5.99879455566406
3879,5.76303434371948
7156,6.43600225448608
5081,6.82495021820068
9114,7.23103618621826
7244,5.86511135101318
5400,6.92010879516602
5395,6.6926007270813
9427,6.33858489990234
2246,6.23679161071777
835,6.44208765029907
8394,6.21137619018555
9042,5.31595516204834
432,6.51345586776733
3378,5.98567676544189
6817,5.66153764724731
8131,5.9164605140686
9621,6.63250398635864
6066,6.53870010375977
1193,6.9584059715271
6934,6.03265523910522
5461,1.43695044517517
3071,5.14127588272095
3044,1.5527309179306
3263,7.41545724868774
2729,5.54405355453491
3433,7.01184892654419
433,7.04421329498291
3272,7.13243627548218
7001,5.98205041885376
9726,6.97750043869019
104,6.32449293136597
3315,6.26355361938477
1656,5.77740478515625
1533,6.14495134353638
4680,5.93974685668945
8813,5.54024934768677
9002,6.40021753311157
6622,6.0665807723999
1443,5.93431663513184
214,6.71008729934692
5356,7.19439888000488
9218,6.72070264816284
6322,6.48818349838257
4989,7.61947154998779
1419,5.77362298965454
9516,5.65720748901367
8606,7.13517427444458
181,5.89043474197388
4352,2.06407427787781
8700,7.03736209869385
2446,6.25158500671387
5321,6.67556285858154
8045,6.53034210205078
5684,5.57860708236694
3532,5.8098578453064
8244,5.17022037506104
7976,5.57316827774048
3698,6.277747631073
70,7.70615911483765
544,7.3274884223938
1204,6.44742345809937
3078,6.71956253051758
9106,1.82147002220154
9120,6.42099857330322
9680,6.65050554275513
6180,6.53387880325317
8329,6.00547552108765
4284,5.84694576263428
4007,6.8369345664978
8713,7.12839078903198
877,6.81554317474365
8060,6.53453683853149
196,5.87195825576782
9746,7.45968341827393
4010,6.48775339126587
9962,6.59648036956787
2571,5.86256790161133
3753,7.33489656448364
9247,6.4370002746582
8628,6.56489562988281
9368,7.38702392578125
6159,6.91719579696655
4791,6.99780654907227
5337,6.51087427139282
3024,7.57878684997559
2718,6.06931018829346
8655,6.90105962753296
6916,5.22866678237915
3984,6.0128927230835
7308,5.91589879989624
5953,6.46973943710327
3844,7.60987949371338
2682,5.90418434143066
4024,7.02136754989624
8715,7.34919452667236
3139,6.81531190872192
4237,6.45292139053345
218,7.12387847900391
6618,5.82698249816895
9606,6.96314764022827
5268,5.91373634338379
2543,6.21822643280029
2870,6.12206029891968
1244,6.33505582809448
420,7.02248525619507
6227,6.65019750595093
2058,6.92693901062012
8493,6.07244348526001
6434,6.49394416809082
3422,6.35064840316772
4510,7.57636165618896
1166,7.72488403320312
254,5.51472616195679
415,7.43197631835938
9175,6.10308170318604
3469,7.12842035293579
3050,6.09217071533203
759,6.8992862701416
1385,6.46738529205322
654,5.52933597564697
1201,7.24089002609253
2413,7.04424715042114
5579,5.49682760238647
5993,6.20753717422485
5294,7.29739665985107
3055,5.99343204498291
2830,7.37441968917847
2970,6.99186658859253
328,7.1638240814209
4270,6.31342315673828
5994,6.07349252700806
4392,6.52204418182373
2063,7.62250232696533
8301,6.92860460281372
9013,5.87555551528931
9329,5.55388402938843
5169,6.36432123184204
4429,6.98045539855957
1281,6.63442611694336
3381,5.90438556671143
2636,6.03597974777222
3328,7.58476066589355
6436,6.23895692825317
5018,7.07433938980103
7324,6.76275062561035
3795,6.877854347229
2663,6.82943201065063
8282,0.375299364328384
1282,6.18642282485962
4148,6.29896259307861
1362,6.20738172531128
1437,7.52002811431885
9628,6.47410345077515
3441,6.80618286132812
56,4.23170375823975
4597,6.55139255523682
8479,6.46098709106445
5365,5.57530450820923
1844,7.29787302017212
5515,6.97941255569458
8573,6.37347888946533
6263,5.9175500869751
2880,6.37421321868896
1743,6.41641426086426
8398,6.09074211120605
4169,7.07307004928589
5197,6.88719940185547
8993,6.2293848991394
740,6.55223798751831
9066,6.49010705947876
1624,6.69363880157471
524,6.92487335205078
7999,6.86169815063477
4419,6.99133968353271
5426,6.44538974761963
6689,6.20990419387817
7382,6.2731351852417
435,6.10132741928101
2960,5.72348690032959
308,3.70367836952209
1565,6.05155992507935
2631,7.84488773345947
5597,5.57663869857788
9477,7.39970588684082
401,6.95039653778076
3826,6.64177131652832
881,7.28567981719971
3997,6.87827014923096
7118,6.91949081420898
3265,6.52097225189209
8406,5.35703277587891
5009,5.69810485839844
5736,6.31914567947388
5554,5.15023708343506
288,6.59016895294189
5564,5.61208581924438
8324,5.35769748687744
2623,7.45493221282959
8859,5.73703813552856
476,6.01419734954834
8591,6.14756488800049
9713,7.00973176956177
6522,6.88273811340332
3111,6.16125392913818
9470,5.48998594284058
737,6.15523862838745
3133,6.74685430526733
8047,6.05256366729736
6551,7.03445768356323
5407,6.54854679107666
5563,7.1684250831604
5328,6.06780242919922
6718,6.23712682723999
5118,5.50360155105591
4619,6.40297365188599
3689,5.91157150268555
7716,6.39446115493774
1839,6.66332197189331
1995,7.69629716873169
2399,6.33303499221802
6510,6.61505699157715
9356,6.64706945419312
4119,6.36001920700073
5894,6.64209699630737
800,6.89693689346313
8423,6.11539363861084
7680,7.25156354904175
1405,6.32751750946045
5431,6.67669534683228
69,7.26437139511108
9543,6.63733339309692
2759,6.90973615646362
8294,6.11867952346802
1586,6.30990886688232
6666,7.05300951004028
8014,-0.757608234882355
1074,7.54164934158325
3063,5.7868218421936
6487,6.99297714233398
4705,7.59936285018921
