"Player","Season","Games_Missed_Frequency_Career"
"Aaron Gordon","2015-16",0.426829268292683
"Aaron Gordon","2016-17",0.23780487804878
"Aaron Gordon","2017-18",0.166666666666667
"Aaron Gordon","2018-19",0.198170731707317
"Aaron Gordon","2019-20",0.168292682926829
"Aaron Gordon","2020-21",0.157349896480331
"Aaron Gordon","2021-22",0.176576576576577
"Aaron Gordon","2022-23",0.163265306122449
"Aaron Nesmith","2022-23",0.123376623376623
"Al Horford","2014-15",0.236559139784946
"Al Horford","2015-16",0.215625
"Al Horford","2016-17",0.191135734072022
"Al Horford","2017-18",0.189054726368159
"Al Horford","2018-19",0.181715575620767
"Al Horford","2019-20",0.180785123966942
"Al Horford","2020-21",0.170989433237272
"Al Horford","2021-22",0.165318957771788
"Al Horford","2022-23",0.163179916317992
"Al Jefferson","2013-14",0.11376404494382
"Al Jefferson","2014-15",0.113350125944584
"Al Jefferson","2015-16",0.121004566210046
"Al-Farouq Aminu","2013-14",0
"Al-Farouq Aminu","2015-16",0.0050761421319797
"Al-Farouq Aminu","2017-18",0.039426523297491
"Al-Farouq Aminu","2018-19",0.0546875
"Alec Burks","2021-22",0.175126903553299
"Alex Caruso","2017-18",NA
"Alex Caruso","2021-22",0.186274509803922
"Alex Len","2014-15",0.0853658536585366
"Alex Len","2015-16",0.121951219512195
"Alex Len","2016-17",0.0934959349593496
"Alex Len","2020-21",0.0971731448763251
"Alexis Ajinca","2016-17",0
"Allen Crabbe","2017-18",0.13109756097561
"Alonzo Gee","2015-16",0.0317848410757946
"Alperen Sengun","2022-23",0.121951219512195
"Amir Johnson","2013-14",0.117370892018779
"Amir Johnson","2014-15",0.110957004160888
"Amir Johnson","2015-16",0.108343711083437
"Amir Johnson","2016-17",0.101694915254237
"Anderson Varejao","2013-14",0.256559766763848
"Andre Drummond","2013-14",0.268292682926829
"Andre Drummond","2014-15",0.140243902439024
"Andre Drummond","2015-16",0.0934959349593496
"Andre Drummond","2016-17",0.0701219512195122
"Andre Drummond","2017-18",0.0585365853658537
"Andre Drummond","2018-19",0.0548780487804878
"Andre Drummond","2019-20",0.0522648083623693
"Andre Drummond","2021-22",0.0874471086036671
"Andre Iguodala","2013-14",0.0332409972299169
"Andre Roberson","2014-15",0.170731707317073
"Andre Roberson","2015-16",0.176829268292683
"Andre Roberson","2016-17",0.166666666666667
"Andre Roberson","2017-18",0.13109756097561
"Andrea Bargnani","2013-14",0.214028776978417
"Andrew Bogut","2014-15",0.291034482758621
"Andrew Bogut","2015-16",0.280049566294919
"Andrew Harrison","2017-18",0.0365853658536585
"Andrew Nembhard","2022-23",NA
"Andrew Wiggins","2014-15",NA
"Andrew Wiggins","2015-16",0
"Andrew Wiggins","2016-17",0.00609756097560976
"Andrew Wiggins","2017-18",0.0040650406504065
"Andrew Wiggins","2018-19",0.00304878048780488
"Andrew Wiggins","2019-20",0.024390243902439
"Andrew Wiggins","2020-21",0.040169133192389
"Andrew Wiggins","2021-22",0.036697247706422
"Andrew Wiggins","2022-23",0.0446570972886762
"Anfernee Simons","2021-22",0.00436681222707424
"Anfernee Simons","2022-23",0.0803858520900322
"Anthony Davis","2013-14",0.207317073170732
"Anthony Davis","2014-15",0.189024390243902
"Anthony Davis","2015-16",0.182926829268293
"Anthony Davis","2016-17",0.198170731707317
"Anthony Davis","2017-18",0.173170731707317
"Anthony Davis","2018-19",0.158536585365854
"Anthony Davis","2019-20",0.179442508710801
"Anthony Davis","2020-21",0.172093023255814
"Anthony Davis","2021-22",0.205020920502092
"Anthony Davis","2022-23",0.235294117647059
"Anthony Edwards","2020-21",NA
"Anthony Edwards","2021-22",0
"Anthony Edwards","2022-23",0.0649350649350649
"Arron Afflalo","2013-14",0.0672268907563025
"Arron Afflalo","2014-15",0.0734767025089606
"Arron Afflalo","2015-16",0.0671875
"Austin Reaves","2022-23",0.207317073170732
"Austin Rivers","2015-16",0.0897959183673469
"Austin Rivers","2016-17",0.113149847094801
"Avery Bradley","2013-14",0.0611353711790393
"Avery Bradley","2014-15",0.115755627009646
"Avery Bradley","2016-17",0.0968421052631579
"Avery Bradley","2019-20",0.13769123783032
"Avery Bradley","2021-22",0.184579439252336
"Bam Adebayo","2019-20",0
"Bam Adebayo","2020-21",0
"Bam Adebayo","2021-22",0
"Bam Adebayo","2022-23",0
"Ben McLemore","2013-14",NA
"Ben McLemore","2014-15",0
"Ben McLemore","2015-16",0
"Ben Simmons","2017-18",0
"Ben Simmons","2018-19",0.00609756097560976
"Ben Simmons","2019-20",0.0121951219512195
"Ben Simmons","2020-21",0.0407523510971787
"Bismack Biyombo","2015-16",0.0544871794871795
"Bismack Biyombo","2020-21",0.0453900709219858
"Blake Griffin","2013-14",0.00641025641025641
"Blake Griffin","2014-15",0.00761421319796954
"Blake Griffin","2015-16",0.0378151260504202
"Blake Griffin","2018-19",0.149377593360996
"Bogdan Bogdanovic","2017-18",0
"Bogdan Bogdanovic","2020-21",0
"Bojan Bogdanovic","2014-15",NA
"Bojan Bogdanovic","2015-16",0.0365853658536585
"Bojan Bogdanovic","2017-18",0.0242914979757085
"Bojan Bogdanovic","2018-19",0.0243161094224924
"Bojan Bogdanovic","2019-20",0.0194647201946472
"Bojan Bogdanovic","2020-21",0.0189473684210526
"Bojan Bogdanovic","2021-22",0.0164533820840951
"Bojan Bogdanovic","2022-23",0.0333863275039746
"Boris Diaw","2016-17",0.0389733840304183
"Bradley Beal","2013-14",0.304878048780488
"Bradley Beal","2014-15",0.207317073170732
"Bradley Beal","2016-17",0.207317073170732
"Bradley Beal","2017-18",0.175609756097561
"Bradley Beal","2018-19",0.146341463414634
"Bradley Beal","2019-20",0.125435540069686
"Bradley Beal","2020-21",0.123824451410658
"Bradley Beal","2021-22",0.126760563380282
"Bradley Beal","2022-23",0.16540404040404
"Brandon Bass","2013-14",0.0766823161189358
"Brandon Bass","2014-15",0.0679611650485437
"Brandon Ingram","2016-17",NA
"Brandon Ingram","2017-18",0.0365853658536585
"Brandon Ingram","2018-19",0.152439024390244
"Brandon Ingram","2019-20",0.207317073170732
"Brandon Ingram","2020-21",0.185534591194969
"Brandon Ingram","2021-22",0.176923076923077
"Brandon Ingram","2022-23",0.201271186440678
"Brandon Jennings","2013-14",0.0673076923076923
"Brandon Jennings","2014-15",0.0532994923857868
"Brandon Knight","2013-14",0.0472972972972973
"Brandon Knight","2015-16",0.109324758842444
"Brandon Knight","2018-19",0.118705035971223
"Brandon Rush","2016-17",0.183098591549296
"Brian Roberts","2013-14",0.0121951219512195
"Brook Lopez","2014-15",0.207983193277311
"Brook Lopez","2015-16",0.191756272401434
"Brook Lopez","2018-19",0.157960199004975
"Brook Lopez","2019-20",0.14334085778781
"Brook Lopez","2020-21",0.13555787278415
"Brook Lopez","2021-22",0.127061105722599
"Brook Lopez","2022-23",0.178796046720575
"Bruce Brown Jr.","2018-19",NA
"Bruce Brown Jr.","2019-20",0
"Bruce Brown Jr.","2021-22",0
"Bruno Caboclo","2018-19",0.468085106382979
"Bryn Forbes","2018-19",0.24390243902439
"Bryn Forbes","2019-20",0.16260162601626
"Buddy Hield","2016-17",NA
"Buddy Hield","2018-19",0.0121951219512195
"Buddy Hield","2019-20",0.00813008130081301
"Buddy Hield","2020-21",0.00628930817610063
"Buddy Hield","2021-22",0.00769230769230769
"Buddy Hield","2022-23",0.00635593220338983
"C.J. McCollum","2015-16",0.0853658536585366
"C.J. McCollum","2016-17",0.0650406504065041
"C.J. McCollum","2017-18",0.0518292682926829
"C.J. McCollum","2018-19",0.0414634146341463
"C.J. McCollum","2019-20",0.0569105691056911
"C.J. McCollum","2020-21",0.0565371024734982
"C.J. McCollum","2021-22",0.0893416927899686
"C.J. McCollum","2022-23",0.106796116504854
"C.J. Miles","2013-14",0.134796238244514
"C.J. Miles","2014-15",0.161111111111111
"C.J. Williams","2017-18",NA
"Cade Cunningham","2021-22",NA
"Cameron Johnson","2022-23",0.180616740088106
"Caris LeVert","2016-17",NA
"Caris LeVert","2018-19",0.0914634146341463
"Caris LeVert","2020-21",0.254716981132075
"Caris LeVert","2022-23",0.246315789473684
"Carlos Boozer","2013-14",0.0941860465116279
"Carmelo Anthony","2013-14",0.0870646766169154
"Carmelo Anthony","2014-15",0.0835214446952596
"Carmelo Anthony","2015-16",0.11789038262668
"Carmelo Anthony","2016-17",0.117254528122021
"Carmelo Anthony","2017-18",0.115826702033599
"Carmelo Anthony","2019-20",0.139240506329114
"Caron Butler","2014-15",0.171548117154812
"Cedi Osman","2017-18",NA
"Cedi Osman","2018-19",0.134146341463415
"Cedi Osman","2019-20",0.103658536585366
"Chandler Parsons","2014-15",0.0608695652173913
"Channing Frye","2013-14",0.053125
"Channing Frye","2014-15",0.0470914127423823
"Chris Bosh","2013-14",0.0985037406483791
"Chris Bosh","2014-15",0.0916289592760181
"Chris Duarte","2021-22",NA
"Chris Paul","2013-14",0.129890453834116
"Chris Paul","2014-15",0.141470180305132
"Chris Paul","2015-16",0.127023661270237
"Chris Paul","2018-19",0.145853193517636
"Chris Paul","2019-20",0.152961980548187
"Chris Paul","2020-21",0.144638403990025
"Chris Paul","2021-22",0.137254901960784
"Chris Paul","2022-23",0.14075165806927
"Christian Wood","2020-21",0.072992700729927
"Clint Capela","2016-17",0.0731707317073171
"Clint Capela","2018-19",0.106707317073171
"Clint Capela","2020-21",0.16
"Clint Capela","2022-23",0.14308426073132
"Coby White","2020-21",0
"Cody Zeller","2014-15",0
"Cody Zeller","2016-17",0.113821138211382
"Cody Zeller","2018-19",0.236585365853659
"Cody Zeller","2019-20",0.26219512195122
"Cole Anthony","2020-21",NA
"Cole Anthony","2021-22",0.347222222222222
"Collin Sexton","2018-19",NA
"Collin Sexton","2019-20",0
"Collin Sexton","2020-21",0
"Corey Brewer","2013-14",0.163865546218487
"Corey Kispert","2022-23",0
"Courtney Lee","2013-14",0.0585241730279898
"Courtney Lee","2014-15",0.0546218487394958
"Courtney Lee","2015-16",0.0555555555555556
"Courtney Lee","2016-17",0.0515625
"Courtney Lee","2017-18",0.0526315789473684
"D'Angelo Russell","2015-16",NA
"D'Angelo Russell","2017-18",0.121951219512195
"D'Angelo Russell","2018-19",0.219512195121951
"D'Angelo Russell","2019-20",0.164634146341463
"D'Angelo Russell","2021-22",0.223175965665236
"D'Angelo Russell","2022-23",0.218978102189781
"D.J. Augustin","2017-18",0
"D.J. Augustin","2018-19",0
"Damian Lillard","2013-14",0
"Damian Lillard","2014-15",0
"Damian Lillard","2015-16",0
"Damian Lillard","2016-17",0.0213414634146341
"Damian Lillard","2017-18",0.0317073170731707
"Damian Lillard","2018-19",0.0447154471544715
"Damian Lillard","2019-20",0.0400696864111498
"Damian Lillard","2020-21",0.0478395061728395
"Damian Lillard","2021-22",0.05
"Damian Lillard","2022-23",0.109725685785536
"Damion Lee","2019-20",0
"Damyean Dotson","2018-19",0.121951219512195
"Daniel Gafford","2021-22",0.138686131386861
"Daniel Gafford","2022-23",0.127853881278539
"Daniel Theis","2019-20",0.140243902439024
"Daniel Theis","2020-21",0.122881355932203
"Danilo Gallinari","2014-15",0.133474576271186
"Danilo Gallinari","2015-16",0.151624548736462
"Danilo Gallinari","2016-17",0.176100628930818
"Danilo Gallinari","2017-18",0.181058495821727
"Danilo Gallinari","2018-19",0.2375
"Danilo Gallinari","2019-20",0.231292517006803
"Danilo Gallinari","2021-22",0.226120857699805
"Danny Green","2013-14",0.0923694779116466
"Danny Green","2014-15",0.11178247734139
"Danny Green","2015-16",0.0920096852300242
"Danny Green","2016-17",0.0828282828282828
"Danny Green","2017-18",0.0831889081455806
"Danny Green","2018-19",0.0895295902883156
"Danny Green","2020-21",0.0763546798029557
"Dante Cunningham","2015-16",0.0130434782608696
"Dante Cunningham","2016-17",0.0129151291512915
"Dante Exum","2014-15",NA
"Danuel House","2019-20",0
"Dario Saric","2016-17",NA
"Dario Saric","2017-18",0
"Dario Saric","2019-20",0.0161943319838057
"Darius Bazley","2020-21",NA
"Darius Bazley","2021-22",0.222222222222222
"Darius Garland","2019-20",NA
"Darius Garland","2020-21",0.0769230769230769
"Darius Garland","2021-22",0.153284671532847
"Darius Garland","2022-23",0.146118721461187
"Darius Miller","2017-18",0.0279329608938547
"Darren Collison","2014-15",0.0355329949238579
"Darren Collison","2017-18",0.0923317683881064
"Darren Collison","2018-19",0.0998613037447989
"David Lee","2013-14",0.0828125
"David West","2013-14",0.114173228346457
"David West","2014-15",0.104265402843602
"De'Aaron Fox","2017-18",NA
"De'Aaron Fox","2018-19",0.0975609756097561
"De'Aaron Fox","2019-20",0.0548780487804878
"De'Aaron Fox","2020-21",0.11864406779661
"De'Aaron Fox","2021-22",0.133116883116883
"De'Aaron Fox","2022-23",0.161538461538462
"De'Andre Hunter","2019-20",NA
"De'Andre Hunter","2021-22",0.381294964028777
"De'Andre Hunter","2022-23",0.3710407239819
"De'Anthony Melton","2018-19",NA
"DeAndre Jordan","2013-14",0.050761421319797
"DeAndre Jordan","2014-15",0.0420168067226891
"DeAndre Jordan","2015-16",0.03584229390681
"DeAndre Jordan","2016-17",0.0375
"DeAndre Jordan","2020-21",0.0473186119873817
"DeAndre Jordan","2021-22",0.0449657869012708
"DeMar DeRozan","2013-14",0.0224358974358974
"DeMar DeRozan","2014-15",0.0253807106598985
"DeMar DeRozan","2015-16",0.0672268907563025
"DeMar DeRozan","2016-17",0.0609318996415771
"DeMar DeRozan","2017-18",0.0640625
"DeMar DeRozan","2018-19",0.0581717451523546
"DeMar DeRozan","2019-20",0.0572139303482587
"DeMar DeRozan","2020-21",0.0548571428571429
"DeMar DeRozan","2021-22",0.058078141499472
"DeMar DeRozan","2022-23",0.0573372206025267
"DeMarcus Cousins","2013-14",0.0173913043478261
"DeMarcus Cousins","2014-15",0.0416666666666667
"DeMarcus Cousins","2015-16",0.0888324873096447
"DeMarcus Cousins","2018-19",0.1390625
"DeMarre Carroll","2013-14",0.308441558441558
"DeMarre Carroll","2014-15",0.264102564102564
"DeMarre Carroll","2015-16",0.239406779661017
"DeMarre Carroll","2017-18",0.279874213836478
"Deandre Ayton","2018-19",NA
"Deandre Ayton","2019-20",NA
"Deandre Ayton","2020-21",0.136986301369863
"Deandre Ayton","2021-22",0.0827586206896552
"Deandre Ayton","2022-23",0.149779735682819
"Dejounte Murray","2017-18",0.390243902439024
"Dejounte Murray","2019-20",0.134146341463415
"Dejounte Murray","2020-21",0.110410094637224
"Dejounte Murray","2021-22",0.0976863753213368
"Dejounte Murray","2022-23",0.110403397027601
"Deni Avdija","2020-21",NA
"Dennis Schroder","2016-17",0
"Dennis Schroder","2017-18",0
"Dennis Schroder","2020-21",0
"Dennis Schroder","2022-23",0
"Dennis Smith","2017-18",NA
"Denzel Valentine","2017-18",0.0487804878048781
"Deron Williams","2013-14",0.0698924731182796
"Deron Williams","2014-15",0.0875
"Deron Williams","2015-16",0.0969529085872576
"Derrick Favors","2013-14",0.0391304347826087
"Derrick Favors","2014-15",0.0576923076923077
"Derrick Favors","2015-16",0.065989847715736
"Derrick Favors","2018-19",0.1265625
"Derrick Favors","2019-20",0.119113573407202
"Derrick Jones","2020-21",0
"Derrick Rose","2014-15",0.216386554621849
"Derrick Rose","2015-16",0.240143369175627
"Derrick White","2018-19",0.548780487804878
"Derrick White","2022-23",0.216494845360825
"Desmond Bane","2021-22",0.0555555555555556
"Desmond Bane","2022-23",0.0584415584415584
"Devin Booker","2015-16",NA
"Devin Booker","2016-17",0.024390243902439
"Devin Booker","2017-18",0.0306748466257669
"Devin Booker","2018-19",0.13469387755102
"Devin Booker","2019-20",0.155963302752294
"Devin Booker","2020-21",0.135
"Devin Booker","2021-22",0.122881355932203
"Devin Booker","2022-23",0.126353790613718
"Devin Vassell","2021-22",0
"Devin Vassell","2022-23",0.0714285714285714
"Devonte' Graham","2019-20",0.134146341463415
"Devonte' Graham","2020-21",0.0816326530612245
"Dewayne Dedmon","2017-18",0.0482758620689655
"Dewayne Dedmon","2018-19",0.0913978494623656
"Dewayne Dedmon","2019-20",0.105726872246696
"Dillon Brooks","2017-18",NA
"Dillon Brooks","2019-20",0.384146341463415
"Dillon Brooks","2020-21",0.265822784810127
"Dillon Brooks","2021-22",0.220064724919094
"Dillon Brooks","2022-23",0.273657289002558
"Dirk Nowitzki","2013-14",0.0282074613284804
"Dirk Nowitzki","2014-15",0.0279424216765453
"Dirk Nowitzki","2015-16",0.0292953285827395
"Dirk Nowitzki","2016-17",0.0327137546468401
"Dirk Nowitzki","2018-19",0.0503978779840849
"Domantas Sabonis","2019-20",0.0609756097560976
"Domantas Sabonis","2020-21",0.0564263322884013
"Domantas Sabonis","2021-22",0.0716112531969309
"Domantas Sabonis","2022-23",0.0972515856236787
"Donald Sloan","2015-16",0.0355731225296443
"Donatas Motiejunas","2014-15",0.0426829268292683
"Donovan Mitchell","2017-18",NA
"Donovan Mitchell","2018-19",0.0365853658536585
"Donovan Mitchell","2019-20",0.0426829268292683
"Donovan Mitchell","2020-21",0.0338983050847458
"Donovan Mitchell","2021-22",0.0844155844155844
"Donovan Mitchell","2022-23",0.1
"Donte DiVincenzo","2020-21",0.0136986301369863
"Dorian Finney-Smith","2016-17",NA
"Dorian Finney-Smith","2018-19",0.365853658536585
"Dorian Finney-Smith","2019-20",0.247967479674797
"Dorian Finney-Smith","2020-21",0.199376947040498
"Dorian Finney-Smith","2021-22",0.193384223918575
"Dorian Finney-Smith","2022-23",0.164210526315789
"Doug McDermott","2021-22",0.118491921005386
"Dragan Bender","2017-18",0.390243902439024
"Draymond Green","2013-14",0.024390243902439
"Draymond Green","2014-15",0.0121951219512195
"Draymond Green","2015-16",0.0203252032520325
"Draymond Green","2016-17",0.0182926829268293
"Draymond Green","2017-18",0.0268292682926829
"Draymond Green","2018-19",0.0467479674796748
"Draymond Green","2019-20",0.0662020905923345
"Draymond Green","2020-21",0.0938967136150235
"Draymond Green","2021-22",0.0914205344585091
"Draymond Green","2022-23",0.127364438839849
"Drew Eubanks","2022-23",0.0528052805280528
"Duncan Robinson","2019-20",0
"Duncan Robinson","2020-21",0
"Dwayne Bacon","2020-21",0.0436681222707424
"Dwight Howard","2014-15",0.041044776119403
"Dwight Howard","2015-16",0.082392776523702
"Dwight Howard","2016-17",0.0847107438016529
"Dwight Howard","2017-18",0.0847619047619048
"Dwight Powell","2017-18",0.0743801652892562
"Dwight Powell","2018-19",0.0617283950617284
"Dwight Powell","2019-20",0.0566502463054187
"Dwight Powell","2021-22",0.115732368896926
"Dwight Powell","2022-23",0.100787401574803
"Dwyane Wade","2013-14",0.139064475347661
"Dwyane Wade","2014-15",0.15807560137457
"Dwyane Wade","2015-16",0.164397905759162
"Dwyane Wade","2016-17",0.15718418514947
"E'Twaun Moore","2017-18",0.0777310924369748
"E'Twaun Moore","2018-19",0.0663082437275986
"Elfrid Payton","2014-15",NA
"Elfrid Payton","2015-16",0
"Elfrid Payton","2016-17",0.0548780487804878
"Elfrid Payton","2018-19",0.0769230769230769
"Elfrid Payton","2020-21",0.175475687103594
"Emeka Okafor","2017-18",0.153074027603513
"Emmanuel Mudiay","2015-16",NA
"Emmanuel Mudiay","2018-19",0.14344262295082
"Enes Kanter","2017-18",0
"Eric Bledsoe","2014-15",0.163461538461538
"Eric Bledsoe","2018-19",0.198127925117005
"Eric Bledsoe","2019-20",0.178423236514523
"Eric Bledsoe","2020-21",0.175879396984925
"Eric Gordon","2013-14",0.294416243654822
"Eric Gordon","2014-15",0.279411764705882
"Eric Gordon","2015-16",0.275985663082437
"Eric Gordon","2017-18",0.272853185595568
"Eric Gordon","2018-19",0.259950248756219
"Eric Gordon","2021-22",0.284466019417476
"Eric Gordon","2022-23",0.285071942446043
"Eric Paschall","2019-20",NA
"Ersan Ilyasova","2013-14",0.0888324873096447
"Ersan Ilyasova","2014-15",0.126050420168067
"Evan Fournier","2015-16",0.0934959349593496
"Evan Fournier","2016-17",0.0792682926829268
"Evan Fournier","2017-18",0.0953545232273839
"Evan Fournier","2018-19",0.128309572301426
"Evan Fournier","2019-20",0.111692844677138
"Evan Fournier","2021-22",0.135097493036212
"Evan Mobley","2021-22",NA
"Evan Mobley","2022-23",0.158536585365854
"Evan Turner","2014-15",0.00638977635782748
"Evan Turner","2015-16",0.00506329113924051
"Evan Turner","2016-17",0.00628930817610063
"Evan Turner","2017-18",0.035778175313059
"Francisco Garcia","2013-14",0.0970266040688576
"Frank Kaminsky","2015-16",NA
"Frank Ntilikina","2019-20",0.231707317073171
"Franz Wagner","2021-22",NA
"Franz Wagner","2022-23",0.024390243902439
"Fred VanVleet","2019-20",0.0975609756097561
"Fred VanVleet","2020-21",0.125786163522013
"Fred VanVleet","2021-22",0.151282051282051
"Fred VanVleet","2022-23",0.158898305084746
"Gabe Vincent","2022-23",0.0994764397905759
"Garrett Temple","2015-16",0.136792452830189
"Garrett Temple","2019-20",0.114814814814815
"Garrison Mathews","2021-22",0.0902777777777778
"Gary Harris","2015-16",0.0487804878048781
"Gary Harris","2016-17",0.0609756097560976
"Gary Harris","2017-18",0.121951219512195
"Gary Harris","2018-19",0.13719512195122
"Gary Harris","2019-20",0.170731707317073
"Gary Harris","2020-21",0.163561076604555
"Gary Harris","2022-23",0.183673469387755
"Gary Payton II","2022-23",0.14218009478673
"Gary Trent Jr.","2020-21",0.378205128205128
"Gary Trent Jr.","2021-22",0.302631578947368
"George Hill","2013-14",0.0763358778625954
"George Hill","2014-15",0.0757894736842105
"George Hill","2015-16",0.0843806104129264
"Gerald Green","2013-14",0
"Gerald Henderson","2013-14",0
"Gerald Henderson","2014-15",0
"Giannis Antetokounmpo","2014-15",0
"Giannis Antetokounmpo","2015-16",0.00609756097560976
"Giannis Antetokounmpo","2016-17",0.00813008130081301
"Giannis Antetokounmpo","2017-18",0.00917431192660551
"Giannis Antetokounmpo","2018-19",0.0244498777506112
"Giannis Antetokounmpo","2019-20",0.0386965376782077
"Giannis Antetokounmpo","2020-21",0.0478723404255319
"Giannis Antetokounmpo","2021-22",0.0581761006289308
"Giannis Antetokounmpo","2022-23",0.0710306406685237
"Glenn Robinson","2019-20",0
"Goran Dragic","2013-14",0.0307692307692308
"Goran Dragic","2015-16",0.0377697841726619
"Goran Dragic","2016-17",0.04858934169279
"Goran Dragic","2017-18",0.0555555555555556
"Gordon Hayward","2013-14",0.0565217391304348
"Gordon Hayward","2014-15",0.0576923076923077
"Gordon Hayward","2015-16",0.0583756345177665
"Gordon Hayward","2016-17",0.0525210084033613
"Gordon Hayward","2019-20",0.162049861495845
"Gordon Hayward","2020-21",0.171284634760705
"Gordon Hayward","2021-22",0.188221709006928
"Gordon Hayward","2022-23",0.205696202531646
"Gorgui Dieng","2014-15",0.0365853658536585
"Gorgui Dieng","2015-16",0.0670731707317073
"Gorgui Dieng","2016-17",0.0447154471544715
"Grayson Allen","2020-21",0.225806451612903
"Grayson Allen","2021-22",0.224669603524229
"Grayson Allen","2022-23",0.210355987055016
"Greg Monroe","2013-14",0.00434782608695652
"Greg Monroe","2014-15",0.00320512820512821
"Greg Monroe","2015-16",0.0304568527918782
"Harrison Barnes","2014-15",0
"Harrison Barnes","2015-16",0
"Harrison Barnes","2017-18",0.0440097799511002
"Harrison Barnes","2018-19",0.0468431771894094
"Harrison Barnes","2019-20",0.0402097902097902
"Harrison Barnes","2020-21",0.0357142857142857
"Harrison Barnes","2021-22",0.0502793296089385
"Harrison Barnes","2022-23",0.0513784461152882
"Hassan Whiteside","2014-15",0.575342465753425
"Hassan Whiteside","2015-16",0.451162790697674
"Hassan Whiteside","2016-17",0.353535353535354
"Hassan Whiteside","2017-18",0.29023746701847
"Hassan Whiteside","2018-19",0.299349240780911
"Hassan Whiteside","2019-20",0.270718232044199
"Henry Sims","2014-15",0.267441860465116
"Herb Jones","2021-22",NA
"Herb Jones","2022-23",0
"Hollis Thompson","2013-14",NA
"Ian Mahinmi","2015-16",0.169014084507042
"Ian Mahinmi","2019-20",0.164426059979317
"Iman Shumpert","2013-14",0.0472972972972973
"Iman Shumpert","2014-15",0.0652173913043478
"Isaac Bonga","2019-20",0
"Isaac Okoro","2020-21",NA
"Isaac Okoro","2021-22",0.0694444444444444
"Isaiah Canaan","2015-16",0.231707317073171
"Isaiah Canaan","2016-17",0.166666666666667
"Isaiah Stewart II","2021-22",0
"Isaiah Stewart II","2022-23",0
"Isaiah Thomas","2013-14",0.00675675675675676
"Isaiah Thomas","2015-16",0.0857142857142857
"Ish Smith","2016-17",0
"Ish Smith","2017-18",0
"Ivica Zubac","2018-19",0.280487804878049
"Ivica Zubac","2019-20",0.186991869918699
"Ivica Zubac","2021-22",0.117948717948718
"Ivica Zubac","2022-23",0.110169491525424
"J.J. Hickson","2013-14",0.0432569974554707
"J.J. Redick","2013-14",0.0876565295169946
"J.J. Redick","2014-15",0.148205928237129
"J.J. Redick","2016-17",0.130434782608696
"J.J. Redick","2018-19",0.123839009287926
"J.J. Redick","2019-20",0.118934348239772
"J.R. Smith","2015-16",0.0233100233100233
"J.R. Smith","2016-17",0.025531914893617
"J.R. Smith","2017-18",0.063600782778865
"Ja Morant","2019-20",NA
"Ja Morant","2020-21",0.0684931506849315
"Ja Morant","2022-23",0.167400881057269
"JaKarr Sampson","2014-15",NA
"JaMychal Green","2017-18",0.0245098039215686
"JaVale McGee","2018-19",0.157692307692308
"JaVale McGee","2019-20",0.150812064965197
"Jabari Parker","2015-16",0.682926829268293
"Jabari Smith Jr.","2022-23",NA
"Jaden Ivey","2022-23",NA
"Jae Crowder","2015-16",0.016
"Jae Crowder","2016-17",0.0391566265060241
"Jae Crowder","2019-20",0.0433275563258232
"Jae Crowder","2020-21",0.0476190476190476
"Jae Crowder","2021-22",0.0580912863070539
"Jae'Sean Tate","2020-21",NA
"Jae'Sean Tate","2021-22",0.0277777777777778
"Jahlil Okafor","2015-16",NA
"Jakob Poeltl","2020-21",0.0220820189274448
"Jakob Poeltl","2021-22",0.0179948586118252
"Jakob Poeltl","2022-23",0.0445859872611465
"Jalen Brunson","2018-19",NA
"Jalen Brunson","2021-22",0.0633484162895928
"Jalen Brunson","2022-23",0.0561056105610561
"Jalen Duren","2022-23",NA
"Jalen Green","2021-22",NA
"Jalen Green","2022-23",0.170731707317073
"Jalen Suggs","2021-22",NA
"Jalen Williams","2022-23",NA
"Jamal Murray","2016-17",NA
"Jamal Murray","2017-18",0
"Jamal Murray","2018-19",0.00609756097560976
"Jamal Murray","2019-20",0.0284552845528455
"Jamal Murray","2020-21",0.0532915360501567
"Jamal Murray","2022-23",0.0845665961945032
"Jameer Nelson","2013-14",0
"James Anderson","2013-14",0.0101522842639594
"James Ennis","2016-17",0
"James Ennis","2020-21",0
"James Harden","2013-14",0.0416666666666667
"James Harden","2014-15",0.0532994923857868
"James Harden","2015-16",0.0441176470588235
"James Harden","2016-17",0.0376344086021505
"James Harden","2017-18",0.034375
"James Harden","2018-19",0.0429362880886427
"James Harden","2019-20",0.0435323383084577
"James Harden","2020-21",0.04337899543379
"James Harden","2021-22",0.0646186440677966
"James Harden","2022-23",0.0759493670886076
"James Johnson","2016-17",0.0335365853658537
"James Johnson","2017-18",0.0268292682926829
"James Johnson","2018-19",0.0223577235772358
"Jared Dudley","2015-16",0.02660406885759
"Jared Sullinger","2013-14",0.432098765432099
"Jarell Martin","2017-18",0.207317073170732
"Jaren Jackson, Jr.","2018-19",NA
"Jaren Jackson, Jr.","2019-20",0
"Jaren Jackson, Jr.","2021-22",0
"Jaren Jackson, Jr.","2022-23",0
"Jarred Vanderbilt","2021-22",0
"Jarrett Allen","2018-19",0.0853658536585366
"Jarrett Allen","2019-20",0.0548780487804878
"Jarrett Allen","2020-21",0.038135593220339
"Jarrett Allen","2021-22",0.0614886731391586
"Jarrett Allen","2022-23",0.112531969309463
"Jarrett Culver","2019-20",NA
"Jarrett Jack","2013-14",0.0389408099688473
"Jason Smith","2014-15",0.208258527827648
"Jason Terry","2015-16",0.0340557275541796
"Jason Thompson","2013-14",0.0380710659898477
"Jason Thompson","2014-15",0.0315126050420168
"Jaxson Hayes","2021-22",0.00694444444444444
"Jaylen Brown","2017-18",0.0487804878048781
"Jaylen Brown","2019-20",0.0934959349593496
"Jaylen Brown","2020-21",0.116352201257862
"Jaylen Brown","2021-22",0.128205128205128
"Jaylen Brown","2022-23",0.139830508474576
"Jaylin Williams","2022-23",NA
"Jayson Tatum","2017-18",NA
"Jayson Tatum","2018-19",0.0121951219512195
"Jayson Tatum","2019-20",0.024390243902439
"Jayson Tatum","2020-21",0.038135593220339
"Jayson Tatum","2021-22",0.051948051948052
"Jayson Tatum","2022-23",0.0564102564102564
"Jeff Green","2013-14",0.0317848410757946
"Jeff Green","2018-19",0.0367647058823529
"Jeff Green","2020-21",0.0338266384778013
"Jeff Green","2021-22",0.0353634577603143
"Jeff Teague","2013-14",0.00320512820512821
"Jeff Teague","2014-15",0.0101522842639594
"Jeff Teague","2015-16",0.023109243697479
"Jeff Teague","2016-17",0.025089605734767
"Jeff Teague","2017-18",0.021875
"Jeff Teague","2018-19",0.03601108033241
"Jerami Grant","2015-16",0.024390243902439
"Jerami Grant","2018-19",0.0244648318042813
"Jerami Grant","2020-21",0.0228215767634855
"Jerami Grant","2021-22",0.0505415162454874
"Jerami Grant","2022-23",0.0974842767295598
"Jeremiah Robinson-Earl","2021-22",NA
"Jeremy Lamb","2018-19",0.109756097560976
"Jeremy Lamb","2019-20",0.0993031358885017
"Jeremy Lin","2013-14",0.174672489082969
"Jeremy Lin","2016-17",0.128421052631579
"Jeremy Sochan","2022-23",NA
"Jerian Grant","2016-17",0
"Jerryd Bayless","2017-18",0.210013908205841
"Jimmy Butler","2013-14",0
"Jimmy Butler","2014-15",0.0652173913043478
"Jimmy Butler","2015-16",0.0961538461538462
"Jimmy Butler","2017-18",0.107142857142857
"Jimmy Butler","2018-19",0.132616487455197
"Jimmy Butler","2019-20",0.137715179968701
"Jimmy Butler","2020-21",0.134831460674157
"Jimmy Butler","2021-22",0.146683673469388
"Jimmy Butler","2022-23",0.160508083140878
"Joakim Noah","2013-14",0.151260504201681
"Joakim Noah","2014-15",0.132616487455197
"Jodie Meeks","2013-14",0
"Joe Harris","2018-19",0.142348754448399
"Joe Harris","2019-20",0.12396694214876
"Joe Harris","2020-21",0.105747126436782
"Joe Ingles","2016-17",0.024390243902439
"Joe Ingles","2017-18",0.016260162601626
"Joe Ingles","2018-19",0.0121951219512195
"Joe Ingles","2019-20",0.00975609756097561
"Joe Johnson","2013-14",0.0598555211558308
"Joe Johnson","2014-15",0.0570884871550904
"Joe Johnson","2015-16",0.0547219770520741
"Joel Embiid","2017-18",0.2
"Joel Embiid","2018-19",0.204892966360856
"Joel Embiid","2019-20",0.19559902200489
"Joel Embiid","2020-21",0.203319502074689
"Joel Embiid","2021-22",0.211191335740072
"Joel Embiid","2022-23",0.202830188679245
"John Collins","2018-19",0
"John Collins","2019-20",0
"John Collins","2020-21",0
"John Collins","2021-22",0
"John Collins","2022-23",0
"John Henson","2017-18",0.148780487804878
"John Wall","2013-14",0
"John Wall","2014-15",0
"John Wall","2015-16",0
"John Wall","2016-17",0
"John Wall","2017-18",0
"John Wall","2020-21",0
"Jon Leuer","2016-17",0.0883838383838384
"Jonas Jerebko","2015-16",0
"Jonas Jerebko","2017-18",0.00777604976671851
"Jonas Valanciunas","2013-14",0.24390243902439
"Jonas Valanciunas","2014-15",0.128048780487805
"Jonas Valanciunas","2015-16",0.0934959349593496
"Jonas Valanciunas","2016-17",0.134146341463415
"Jonas Valanciunas","2017-18",0.11219512195122
"Jonas Valanciunas","2019-20",0.142857142857143
"Jonas Valanciunas","2020-21",0.131375579598145
"Jonas Valanciunas","2021-22",0.132127955493741
"Jonas Valanciunas","2022-23",0.127340823970037
"Jonathan Isaac","2018-19",0.658536585365854
"Jonathan Isaac","2019-20",0.365853658536585
"Jonathon Simmons","2016-17",0.158536585365854
"Jonathon Simmons","2017-18",0.103658536585366
"Jordan Bell","2017-18",NA
"Jordan Clarkson","2014-15",NA
"Jordan Clarkson","2015-16",0
"Jordan Clarkson","2016-17",0.0182926829268293
"Jordan Clarkson","2022-23",0.0172955974842767
"Jordan Farmar","2015-16",0.159128978224456
"Jordan Hill","2013-14",0.268370607028754
"Jordan Hill","2014-15",0.235443037974684
"Jose Calderon","2013-14",0.1234375
"Jose Calderon","2014-15",0.110803324099723
"Jose Calderon","2015-16",0.130759651307597
"Josh Giddey","2021-22",NA
"Josh Giddey","2022-23",0.329268292682927
"Josh Hart","2017-18",NA
"Josh Hart","2021-22",0.207792207792208
"Josh Jackson","2020-21",0.0294117647058824
"Josh McRoberts","2013-14",0.121848739495798
"Josh Okogie","2018-19",NA
"Josh Okogie","2019-20",0
"Josh Okogie","2020-21",0.0136986301369863
"Josh Okogie","2022-23",0.0866666666666667
"Josh Richardson","2016-17",0.0487804878048781
"Josh Richardson","2017-18",0.176829268292683
"Josh Richardson","2018-19",0.121951219512195
"Josh Richardson","2020-21",0.13715710723192
"Josh Smith","2013-14",0.0445682451253482
"Jrue Holiday","2013-14",0.0224358974358974
"Jrue Holiday","2016-17",0.198924731182796
"Jrue Holiday","2017-18",0.178125
"Jrue Holiday","2018-19",0.159279778393352
"Jrue Holiday","2019-20",0.161691542288557
"Jrue Holiday","2020-21",0.158675799086758
"Jrue Holiday","2021-22",0.159282700421941
"Jrue Holiday","2022-23",0.160194174757282
"Julius Randle","2015-16",0.975609756097561
"Julius Randle","2016-17",0.49390243902439
"Julius Randle","2018-19",0.271341463414634
"Julius Randle","2019-20",0.234146341463415
"Julius Randle","2020-21",0.205882352941176
"Julius Randle","2021-22",0.180656934306569
"Julius Randle","2022-23",0.171428571428571
"Justin Anderson","2016-17",0.182926829268293
"Justin Hamilton","2016-17",0
"Justin Holiday","2017-18",0.07421875
"Justin Holiday","2018-19",0.0680473372781065
"Justin Holiday","2020-21",0.0465587044534413
"Justin Holiday","2021-22",0.0406360424028269
"Justin Jackson","2017-18",NA
"Justise Winslow","2018-19",0.329268292682927
"Jusuf Nurkic","2014-15",NA
"Jusuf Nurkic","2018-19",0.125
"Jusuf Nurkic","2021-22",0.151079136690647
"Jusuf Nurkic","2022-23",0.170846394984326
"Karl-Anthony Towns","2015-16",NA
"Karl-Anthony Towns","2016-17",0
"Karl-Anthony Towns","2017-18",0
"Karl-Anthony Towns","2018-19",0
"Karl-Anthony Towns","2019-20",0.00609756097560976
"Karl-Anthony Towns","2020-21",0.0739795918367347
"Karl-Anthony Towns","2021-22",0.109913793103448
"Karl-Anthony Towns","2022-23",0.106227106227106
"Kawhi Leonard","2013-14",0.168918918918919
"Kawhi Leonard","2014-15",0.178260869565217
"Kawhi Leonard","2015-16",0.185897435897436
"Kawhi Leonard","2018-19",0.209677419354839
"Kawhi Leonard","2019-20",0.2109375
"Kawhi Leonard","2020-21",0.202247191011236
"Keegan Murray","2022-23",NA
"Keita Bates-Diop","2022-23",0.153094462540717
"Keldon Johnson","2020-21",0
"Keldon Johnson","2021-22",0
"Keldon Johnson","2022-23",0.0266666666666667
"Kelly Olynyk","2018-19",0.0902439024390244
"Kelly Olynyk","2020-21",0.0654867256637168
"Kelly Olynyk","2022-23",0.108183079056865
"Kelly Oubre Jr.","2022-23",0.0972972972972973
"Kelly Oubre, Jr.","2020-21",0
"Kemba Walker","2013-14",0
"Kemba Walker","2014-15",0.0391304347826087
"Kemba Walker","2015-16",0.092948717948718
"Kemba Walker","2016-17",0.0761421319796954
"Kemba Walker","2017-18",0.0673684210526316
"Kemba Walker","2018-19",0.0610412926391382
"Kemba Walker","2019-20",0.05320813771518
"Kemba Walker","2020-21",0.0661040787623066
"Kendall Marshall","2013-14",0.0609756097560976
"Kendrick Nunn","2019-20",NA
"Kendrick Nunn","2020-21",0.0410958904109589
"Kendrick Perkins","2013-14",0.0638020833333333
"Kenneth Faried","2013-14",0.00675675675675676
"Kenneth Faried","2014-15",0.0130434782608696
"Kenneth Faried","2015-16",0.0288461538461538
"Kent Bazemore","2015-16",0.016260162601626
"Kent Bazemore","2017-18",0.0463414634146341
"Kentavious Caldwell-Pope","2013-14",NA
"Kentavious Caldwell-Pope","2014-15",0
"Kentavious Caldwell-Pope","2015-16",0
"Kentavious Caldwell-Pope","2016-17",0.0203252032520325
"Kentavious Caldwell-Pope","2019-20",0.024390243902439
"Kentavious Caldwell-Pope","2020-21",0.0213143872113677
"Kentavious Caldwell-Pope","2021-22",0.0267716535433071
"Kentavious Caldwell-Pope","2022-23",0.0278940027894003
"Kenyon Martin Jr.","2022-23",0
"Kevin Durant","2013-14",0.0294117647058824
"Kevin Durant","2014-15",0.0268817204301075
"Kevin Durant","2015-16",0.071875
"Kevin Durant","2016-17",0.0761772853185596
"Kevin Durant","2018-19",0.100451467268623
"Kevin Durant","2021-22",0.116847826086957
"Kevin Durant","2022-23",0.130691399662732
"Kevin Garnett","2013-14",0.0625
"Kevin Huerter","2018-19",NA
"Kevin Huerter","2019-20",0.0609756097560976
"Kevin Huerter","2020-21",0.10738255033557
"Kevin Huerter","2021-22",0.081447963800905
"Kevin Huerter","2022-23",0.0825082508250825
"Kevin Knox","2018-19",NA
"Kevin Love","2013-14",0.190355329949239
"Kevin Love","2015-16",0.155913978494624
"Kevin Love","2016-17",0.1421875
"Kevin Love","2017-18",0.155124653739612
"Kevin Love","2019-20",0.214446952595937
"Kevin Love","2022-23",0.196380090497738
"Kevin Martin","2013-14",0.182572614107884
"Kevin Martin","2014-15",0.181366459627329
"Kevin Porter Jr.","2020-21",0.215384615384615
"Kevin Porter Jr.","2021-22",0.181159420289855
"Kevin Porter Jr.","2022-23",0.204545454545455
"Kevon Looney","2020-21",0.236641221374046
"Khem Birch","2021-22",0.104234527687296
"Khris Middleton","2013-14",0.426829268292683
"Khris Middleton","2014-15",0.213414634146341
"Khris Middleton","2015-16",0.150406504065041
"Khris Middleton","2016-17",0.121951219512195
"Khris Middleton","2017-18",0.102439024390244
"Khris Middleton","2018-19",0.0853658536585366
"Khris Middleton","2019-20",0.0818815331010453
"Khris Middleton","2020-21",0.0865533230293663
"Khris Middleton","2022-23",0.0923845193508115
"Killian Hayes","2021-22",0.638888888888889
"Killian Hayes","2022-23",0.402597402597403
"Kirk Hinrich","2013-14",0.106516290726817
"Klay Thompson","2013-14",0
"Klay Thompson","2014-15",0.00434782608695652
"Klay Thompson","2015-16",0.0192307692307692
"Klay Thompson","2016-17",0.0203045685279188
"Klay Thompson","2017-18",0.0252100840336134
"Klay Thompson","2018-19",0.0376344086021505
"Klay Thompson","2021-22",0.0321750321750322
"Klay Thompson","2022-23",0.0419091967403958
"Kobe Bryant","2014-15",0.0714285714285714
"Kobe Bryant","2015-16",0.0987738419618529
"Kris Dunn","2017-18",0.0487804878048781
"Kris Dunn","2018-19",0.176829268292683
"Kris Dunn","2019-20",0.252032520325203
"Kristaps Porzingis","2015-16",NA
"Kristaps Porzingis","2017-18",0.152439024390244
"Kristaps Porzingis","2019-20",0.17737003058104
"Kristaps Porzingis","2020-21",0.169154228855721
"Kristaps Porzingis","2021-22",0.179324894514768
"Kyle Anderson","2018-19",0.0640243902439024
"Kyle Anderson","2019-20",0.14390243902439
"Kyle Anderson","2020-21",0.134575569358178
"Kyle Korver","2013-14",0.0324189526184539
"Kyle Korver","2014-15",0.0407239819004525
"Kyle Korver","2015-16",0.0445134575569358
"Kyle Korver","2017-18",0.0521662245800177
"Kyle Kuzma","2017-18",NA
"Kyle Kuzma","2018-19",0.0487804878048781
"Kyle Kuzma","2021-22",0.0814332247557003
"Kyle Kuzma","2022-23",0.102827763496144
"Kyle Lowry","2013-14",0.22262118491921
"Kyle Lowry","2014-15",0.198748043818466
"Kyle Lowry","2015-16",0.192787794729542
"Kyle Lowry","2016-17",0.178082191780822
"Kyle Lowry","2017-18",0.161581920903955
"Kyle Lowry","2018-19",0.152016546018614
"Kyle Lowry","2019-20",0.155386081982841
"Kyle Lowry","2020-21",0.156110615521855
"Kyle Lowry","2021-22",0.164291701592624
"Kyrie Irving","2013-14",0.25
"Kyrie Irving","2014-15",0.208695652173913
"Kyrie Irving","2015-16",0.176282051282051
"Kyrie Irving","2016-17",0.149746192893401
"Kyrie Irving","2017-18",0.142857142857143
"Kyrie Irving","2018-19",0.159498207885305
"Kyrie Irving","2020-21",0.208806818181818
"Kyrie Irving","2021-22",0.212628865979381
"Kyrie Irving","2022-23",0.208624708624709
"LaMarcus Aldridge","2013-14",0.0665467625899281
"LaMarcus Aldridge","2014-15",0.0768025078369906
"LaMarcus Aldridge","2015-16",0.0833333333333333
"LaMarcus Aldridge","2016-17",0.0835411471321696
"LaMarcus Aldridge","2017-18",0.08710407239819
"LaMarcus Aldridge","2018-19",0.0869565217391304
"LaMarcus Aldridge","2019-20",0.0801526717557252
"LaMelo Ball","2021-22",0.291666666666667
"LaMelo Ball","2022-23",0.175324675324675
"Lance Stephenson","2013-14",0.0786026200873362
"Lance Thomas","2017-18",0.191489361702128
"Landry Shamet","2018-19",NA
"Langston Galloway","2014-15",NA
"Langston Galloway","2016-17",0
"Larry Nance Jr.","2016-17",0.158536585365854
"Larry Nance Jr.","2018-19",0.191056910569106
"Larry Nance Jr.","2020-21",0.175572519083969
"Larry Sanders","2013-14",0
"Lauri Markkanen","2017-18",NA
"Lauri Markkanen","2018-19",0.158536585365854
"Lauri Markkanen","2019-20",0.115853658536585
"Lauri Markkanen","2021-22",0.182724252491694
"Lauri Markkanen","2022-23",0.198433420365535
"LeBron James","2013-14",0.0385572139303483
"LeBron James","2014-15",0.0395033860045147
"LeBron James","2015-16",0.0485537190082645
"LeBron James","2016-17",0.0495238095238095
"LeBron James","2018-19",0.0485996705107084
"LeBron James","2019-20",0.066358024691358
"LeBron James","2020-21",0.0651060716898317
"LeBron James","2021-22",0.0806115357887422
"LeBron James","2022-23",0.0920447074293228
"Lonnie Walker","2020-21",0
"Lonzo Ball","2017-18",NA
"Lonzo Ball","2018-19",0.353658536585366
"Lonzo Ball","2019-20",0.390243902439024
"Lonzo Ball","2020-21",0.305084745762712
"Lou Williams","2017-18",0
"Luc Mbah a Moute","2014-15",0
"Luc Mbah a Moute","2015-16",0
"Luc Mbah a Moute","2016-17",0
"Luguentz Dort","2020-21",0
"Luguentz Dort","2021-22",0.131944444444444
"Luguentz Dort","2022-23",0.216814159292035
"Luka Doncic","2018-19",NA
"Luka Doncic","2019-20",0.0853658536585366
"Luka Doncic","2020-21",0.127388535031847
"Luka Doncic","2021-22",0.11353711790393
"Luka Doncic","2022-23",0.138263665594855
"Luke Kennard","2019-20",0.140243902439024
"Luol Deng","2014-15",0.129156010230179
"Luol Deng","2015-16",0.127314814814815
"Malcolm Brogdon","2016-17",NA
"Malcolm Brogdon","2017-18",0.0853658536585366
"Malcolm Brogdon","2018-19",0.25
"Malcolm Brogdon","2019-20",0.231707317073171
"Malcolm Brogdon","2020-21",0.235109717868339
"Malcolm Brogdon","2021-22",0.230179028132992
"Malik Beasley","2019-20",0.0772357723577236
"Malik Beasley","2020-21",0.0673076923076923
"Malik Monk","2021-22",0.0598006644518272
"Marc Gasol","2013-14",0.0355329949238579
"Marc Gasol","2014-15",0.0777310924369748
"Marc Gasol","2016-17",0.1046875
"Marc Gasol","2017-18",0.10387811634349
"Marc Gasol","2019-20",0.096045197740113
"Marc Gasol","2020-21",0.117032392894462
"Marcin Gortat","2013-14",0.0610526315789474
"Marcin Gortat","2014-15",0.0538599640933573
"Marcin Gortat","2015-16",0.0469483568075117
"Marcin Gortat","2016-17",0.0499306518723994
"Marcin Gortat","2017-18",0.0448318804483188
"Marcus Morris","2014-15",0.142857142857143
"Marcus Morris","2015-16",0.108626198083067
"Marcus Morris","2016-17",0.0886075949367089
"Marcus Morris","2017-18",0.0754716981132075
"Marcus Morris","2018-19",0.0983899821109123
"Marcus Morris","2019-20",0.0967238689547582
"Marcus Morris","2021-22",0.094147582697201
"Marcus Smart","2014-15",NA
"Marcus Smart","2016-17",0.207317073170732
"Marcus Smart","2018-19",0.185975609756098
"Marcus Smart","2020-21",0.153526970954357
"Marcus Smart","2021-22",0.173285198555957
"Mario Chalmers","2013-14",0.0532994923857868
"Mario Chalmers","2014-15",0.0588235294117647
"Mario Hezonja","2018-19",0
"Markelle Fultz","2019-20",0.791411042944785
"Markelle Fultz","2022-23",0.502564102564103
"Markieff Morris","2014-15",0.00869565217391304
"Markieff Morris","2016-17",0.0353535353535354
"Marquese Chriss","2016-17",NA
"Marquese Chriss","2017-18",0
"Marquese Chriss","2019-20",0.0691056910569106
"Marreese Speights","2016-17",0.0313971742543171
"Marvin Bagley III","2020-21",0.506493506493506
"Marvin Williams","2013-14",0.0921875
"Marvin Williams","2015-16",0.0907960199004975
"Marvin Williams","2016-17",0.0835214446952596
"Marvin Williams","2017-18",0.0826446280991736
"Marvin Williams","2018-19",0.08
"Mason Plumlee","2015-16",0
"Mason Plumlee","2017-18",0
"Mason Plumlee","2020-21",0.0353982300884956
"Mason Plumlee","2021-22",0.0376766091051805
"Matt Barnes","2013-14",0.0753701211305518
"Matt Barnes","2014-15",0.0909090909090909
"Matt Barnes","2015-16",0.0893054024255788
"Maurice Harkless","2013-14",0
"Maurice Harkless","2016-17",0
"Maurice Harkless","2017-18",0
"Maurice Harkless","2018-19",0
"Maurice Harkless","2019-20",0
"Maurice Ndour","2016-17",NA
"Max Strus","2021-22",0.35036496350365
"Max Strus","2022-23",0.264840182648402
"Maxi Kleber","2017-18",NA
"Maxi Kleber","2020-21",0
"Michael Carter-Williams","2013-14",NA
"Michael Carter-Williams","2014-15",0.146341463414634
"Michael Carter-Williams","2015-16",0.128048780487805
"Michael Kidd-Gilchrist","2013-14",0.0487804878048781
"Michael Kidd-Gilchrist","2014-15",0.146341463414634
"Michael Kidd-Gilchrist","2016-17",0.23780487804878
"Michael Kidd-Gilchrist","2017-18",0.192682926829268
"Michael Porter Jr.","2020-21",0.0451612903225806
"Michael Porter Jr.","2022-23",0.288025889967638
"Mikal Bridges","2018-19",NA
"Mikal Bridges","2019-20",0
"Mikal Bridges","2020-21",0
"Mikal Bridges","2021-22",0
"Mikal Bridges","2022-23",0
"Mike Conley","2013-14",0
"Mike Conley","2014-15",0
"Mike Conley","2016-17",0
"Mike Conley","2018-19",0
"Mike Conley","2020-21",0
"Mike Conley","2021-22",0
"Mike Conley","2022-23",0
"Mike Dunleavy","2013-14",0
"Mike Dunleavy","2014-15",0
"Miles Bridges","2019-20",0
"Miles Bridges","2021-22",0.0273972602739726
"Miles Plumlee","2013-14",0.530864197530864
"Miles Plumlee","2017-18",0.17156862745098
"Milos Teodosic","2017-18",NA
"Mitchell Robinson","2021-22",0.263636363636364
"Mitchell Robinson","2022-23",0.221854304635762
"Moe Harkless","2015-16",0
"Mohamed Bamba","2021-22",0
"Monta Ellis","2013-14",0.0863192182410423
"Monta Ellis","2014-15",0.0761494252873563
"Monta Ellis","2015-16",0.0694087403598972
"Monta Ellis","2016-17",0.0627906976744186
"Monte Morris","2021-22",0.168284789644013
"Monte Morris","2022-23",0.148337595907928
"Myles Turner","2015-16",NA
"Myles Turner","2016-17",0.25609756097561
"Myles Turner","2017-18",0.134146341463415
"Myles Turner","2018-19",0.158536585365854
"Myles Turner","2019-20",0.134146341463415
"Myles Turner","2020-21",0.134663341645885
"Myles Turner","2021-22",0.164904862579281
"Myles Turner","2022-23",0.210810810810811
"Nemanja Bjelica","2018-19",0.142276422764228
"Nemanja Bjelica","2019-20",0.11280487804878
"Nene Hilario","2013-14",0
"Nene Hilario","2014-15",0
"Nene Hilario","2017-18",0
"Nerlens Noel","2014-15",0
"Nerlens Noel","2015-16",0.0365853658536585
"Nerlens Noel","2016-17",0.0853658536585366
"Nerlens Noel","2020-21",0.150709219858156
"Nickeil Alexander-Walker","2022-23",0.101321585903084
"Nicolas Batum","2013-14",0.0458015267175573
"Nicolas Batum","2014-15",0.0378947368421053
"Nicolas Batum","2016-17",0.0610328638497653
"Nicolas Batum","2017-18",0.0610263522884882
"Nicolas Batum","2018-19",0.062266500622665
"Nicolas Batum","2020-21",0.0747368421052632
"Nicolas Batum","2021-22",0.0724070450097847
"Nicolas Batum","2022-23",0.0860507246376812
"Nicolas Claxton","2022-23",0
"Nikola Jokic","2015-16",NA
"Nikola Jokic","2016-17",0.0121951219512195
"Nikola Jokic","2018-19",0.0691056910569106
"Nikola Jokic","2019-20",0.0518292682926829
"Nikola Jokic","2020-21",0.0423940149625935
"Nikola Jokic","2021-22",0.0359408033826638
"Nikola Jokic","2022-23",0.0414414414414414
"Nikola Mirotic","2015-16",0
"Nikola Mirotic","2016-17",0.0975609756097561
"Nikola Pekovic","2013-14",0.195652173913043
"Nikola Pekovic","2014-15",0.230769230769231
"Nikola Vucevic","2013-14",0.0810810810810811
"Nikola Vucevic","2014-15",0.156521739130435
"Nikola Vucevic","2015-16",0.141025641025641
"Nikola Vucevic","2016-17",0.154822335025381
"Nikola Vucevic","2017-18",0.142857142857143
"Nikola Vucevic","2018-19",0.166666666666667
"Nikola Vucevic","2019-20",0.146875
"Nikola Vucevic","2020-21",0.14726507713885
"Nikola Vucevic","2021-22",0.136132315521628
"Nikola Vucevic","2022-23",0.132488479262673
"Noah Vonleh","2016-17",0.0731707317073171
"Noah Vonleh","2018-19",0.0577507598784195
"Norman Powell","2016-17",0
"Norman Powell","2020-21",0.12
"Norman Powell","2021-22",0.107822410147992
"Norman Powell","2022-23",0.15370705244123
"O.J. Mayo","2013-14",0.00253807106598985
"OG Anunoby","2017-18",NA
"OG Anunoby","2019-20",0
"OG Anunoby","2020-21",0
"OG Anunoby","2021-22",0
"OG Anunoby","2022-23",0
"Ochai Agbaji","2022-23",NA
"Omer Asik","2013-14",0
"Omer Asik","2014-15",0.105769230769231
"Omer Asik","2015-16",0.0989847715736041
"Otto Porter","2015-16",0
"Otto Porter","2016-17",0
"Otto Porter","2017-18",0
"Otto Porter","2021-22",0
"P.J. Tucker","2013-14",0.198630136986301
"P.J. Tucker","2014-15",0.12719298245614
"P.J. Tucker","2015-16",0.0967741935483871
"P.J. Tucker","2017-18",0.0654008438818565
"P.J. Tucker","2018-19",0.0557553956834532
"P.J. Tucker","2019-20",0.04858934169279
"P.J. Tucker","2021-22",0.0563380281690141
"P.J. Tucker","2022-23",0.0625724217844728
"P.J. Washington","2019-20",NA
"P.J. Washington","2020-21",0.107692307692308
"P.J. Washington","2022-23",0.146118721461187
"Paolo Banchero","2022-23",NA
"Pascal Siakam","2018-19",0.024390243902439
"Pascal Siakam","2019-20",0.0203252032520325
"Pascal Siakam","2020-21",0.050314465408805
"Pascal Siakam","2021-22",0.0743589743589744
"Pascal Siakam","2022-23",0.0677966101694915
"Patrick Beverley","2014-15",0.2
"Patrick Beverley","2016-17",0.210884353741497
"Patrick Beverley","2018-19",0.296943231441048
"Patrick Beverley","2019-20",0.259259259259259
"Patrick Beverley","2021-22",0.277777777777778
"Patrick Beverley","2022-23",0.278067885117493
"Patrick Williams","2020-21",NA
"Patrick Williams","2021-22",0.0138888888888889
"Patrick Williams","2022-23",0.428571428571429
"Patty Mills","2016-17",0
"Patty Mills","2017-18",0
"Pau Gasol","2013-14",0.0707497360084477
"Pau Gasol","2014-15",0.0855199222546161
"Pau Gasol","2015-16",0.0828082808280828
"Pau Gasol","2016-17",0.0846605196982397
"Pau Gasol","2017-18",0.0933333333333333
"Paul George","2013-14",0.074235807860262
"Paul George","2015-16",0.0458015267175573
"Paul George","2016-17",0.0378947368421053
"Paul George","2017-18",0.0448833034111311
"Paul George","2018-19",0.0438184663536776
"Paul George","2019-20",0.0443828016643551
"Paul George","2020-21",0.0529634300126103
"Paul Millsap","2013-14",0.0304659498207885
"Paul Millsap","2014-15",0.0375
"Paul Millsap","2015-16",0.0443213296398892
"Paul Millsap","2016-17",0.041044776119403
"Paul Millsap","2017-18",0.0507900677200903
"Paul Millsap","2018-19",0.0919421487603306
"Paul Millsap","2019-20",0.0952380952380952
"Paul Pierce","2013-14",0.0511945392491468
"Paul Pierce","2014-15",0.0526315789473684
"Pero Antic","2013-14",NA
"Quentin Grimes","2022-23",0.268292682926829
"Quincy Pondexter","2014-15",0.282051282051282
"Quinn Cook","2017-18",0
"R.J. Barrett","2019-20",NA
"R.J. Barrett","2020-21",0.151515151515152
"R.J. Barrett","2021-22",0.072463768115942
"R.J. Barrett","2022-23",0.0954545454545455
"Rajon Rondo","2013-14",0.122082585278276
"Rajon Rondo","2014-15",0.122065727699531
"Rajon Rondo","2015-16",0.121338912133891
"Randy Foye","2013-14",0.0716845878136201
"Randy Foye","2016-17",0.0870646766169154
"Raulzinho Neto","2015-16",NA
"Ray McCallum","2013-14",NA
"Raymond Felton","2013-14",0.0487421383647799
"Raymond Felton","2015-16",0.05875
"Reggie Bullock","2017-18",0.217791411042945
"Reggie Bullock","2019-20",0.188139059304703
"Reggie Bullock","2020-21",0.171171171171171
"Reggie Bullock","2021-22",0.162679425837321
"Reggie Bullock","2022-23",0.16361071932299
"Reggie Jackson","2015-16",0
"Reggie Jackson","2017-18",0
"Reggie Jackson","2018-19",0
"Reggie Jackson","2020-21",0
"Reggie Jackson","2021-22",0
"Richard Jefferson","2013-14",0.0687432867883996
"Richaun Holmes","2016-17",0.317073170731707
"Richaun Holmes","2019-20",0.143292682926829
"Richaun Holmes","2020-21",0.18
"Richaun Holmes","2021-22",0.173728813559322
"Ricky Rubio","2013-14",0.195945945945946
"Ricky Rubio","2015-16",0.278846153846154
"Ricky Rubio","2016-17",0.236040609137056
"Ricky Rubio","2017-18",0.207983193277311
"Ricky Rubio","2018-19",0.186379928315412
"Ricky Rubio","2019-20",0.1828125
"Ricky Rubio","2020-21",0.17531556802244
"Robert Covington","2014-15",0.365853658536585
"Robert Covington","2015-16",0.212903225806452
"Robert Covington","2017-18",0.188087774294671
"Robert Covington","2019-20",0.225206611570248
"Robert Covington","2020-21",0.197841726618705
"Robert Covington","2021-22",0.178343949044586
"Robert Williams","2021-22",0
"Robert Williams","2022-23",0
"Robin Lopez","2013-14",0.0583756345177665
"Robin Lopez","2014-15",0.0483193277310924
"Robin Lopez","2015-16",0.0824372759856631
"Robin Lopez","2016-17",0.071875
"Robin Lopez","2017-18",0.0637119113573407
"Robin Lopez","2018-19",0.0621890547263682
"Rodions Kurucs","2018-19",NA
"Rodney Hood","2015-16",0.390243902439024
"Rodney Hood","2019-20",0.216019417475728
"Rodney McGruder","2016-17",NA
"Ron Baker","2016-17",NA
"Rondae Hollis-Jefferson","2016-17",0.634146341463415
"Rondae Hollis-Jefferson","2017-18",0.341463414634146
"Roy Hibbert","2013-14",0.0152671755725191
"Roy Hibbert","2014-15",0.0147368421052632
"Roy Hibbert","2015-16",0.0233393177737881
"Royce O'Neale","2019-20",0
"Royce O'Neale","2020-21",0
"Royce O'Neale","2021-22",0
"Rudy Gay","2014-15",0.07981220657277
"Rudy Gay","2015-16",0.0887656033287101
"Rudy Gay","2018-19",0.156153050672182
"Rudy Gobert","2014-15",0
"Rudy Gobert","2015-16",0
"Rudy Gobert","2016-17",0.0813008130081301
"Rudy Gobert","2017-18",0.0640243902439024
"Rudy Gobert","2018-19",0.114634146341463
"Rudy Gobert","2019-20",0.0955284552845529
"Rudy Gobert","2020-21",0.0868794326241135
"Rudy Gobert","2021-22",0.0786163522012579
"Rudy Gobert","2022-23",0.0919220055710306
"Rui Hachimura","2019-20",NA
"Rui Hachimura","2020-21",0.319444444444444
"Russell Westbrook","2013-14",0
"Russell Westbrook","2014-15",0.0714285714285714
"Russell Westbrook","2015-16",0.0878136200716846
"Russell Westbrook","2016-17",0.0796875
"Russell Westbrook","2017-18",0.07202216066482
"Russell Westbrook","2018-19",0.0671641791044776
"Russell Westbrook","2019-20",0.0677200902934537
"Russell Westbrook","2020-21",0.0709812108559499
"Russell Westbrook","2021-22",0.0679611650485437
"Russell Westbrook","2022-23",0.0656474820143885
"Ryan Anderson","2016-17",0.1640625
"Ryan Anderson","2017-18",0.159279778393352
"Saddiq Bey","2020-21",NA
"Saddiq Bey","2021-22",0
"Samuel Dalembert","2013-14",0.0174621653084983
"Scottie Barnes","2022-23",0.0975609756097561
"Sekou Doumbouya","2019-20",NA
"Serge Ibaka","2013-14",0.00961538461538462
"Serge Ibaka","2014-15",0.0101522842639594
"Serge Ibaka","2015-16",0.0441176470588235
"Serge Ibaka","2016-17",0.0448028673835125
"Serge Ibaka","2017-18",0.0421216848673947
"Serge Ibaka","2018-19",0.0428769017980636
"Serge Ibaka","2020-21",0.0558722919042189
"Seth Curry","2020-21",0.0787589498806683
"Seth Curry","2021-22",0.0957230142566191
"Shai Gilgeous-Alexander","2018-19",NA
"Shai Gilgeous-Alexander","2019-20",0
"Shai Gilgeous-Alexander","2020-21",0.00649350649350649
"Shai Gilgeous-Alexander","2021-22",0.163716814159292
"Shai Gilgeous-Alexander","2022-23",0.201298701298701
"Shane Battier","2013-14",0.0495867768595041
"Shaun Livingston","2013-14",0.113945578231293
"Shawn Marion","2013-14",0.0609645131938126
"Shelvin Mack","2016-17",0.0396600566572238
"Skal Labissiere","2016-17",NA
"Solomon Hill","2014-15",0.170731707317073
"Solomon Hill","2016-17",0.0569105691056911
"Spencer Dinwiddie","2017-18",0.12
"Spencer Dinwiddie","2019-20",0.107969151670951
"Spencer Dinwiddie","2022-23",0.2
"Stanley Johnson","2017-18",0.0426829268292683
"Stephen Curry","2013-14",0.169871794871795
"Stephen Curry","2014-15",0.142131979695431
"Stephen Curry","2015-16",0.121848739495798
"Stephen Curry","2016-17",0.109318996415771
"Stephen Curry","2017-18",0.1
"Stephen Curry","2018-19",0.131578947368421
"Stephen Curry","2020-21",0.192174913693901
"Stephen Curry","2021-22",0.185972369819341
"Stephen Curry","2022-23",0.187683284457478
"Steven Adams","2014-15",0
"Steven Adams","2015-16",0.0731707317073171
"Steven Adams","2016-17",0.0569105691056911
"Steven Adams","2017-18",0.0487804878048781
"Steven Adams","2018-19",0.0536585365853659
"Steven Adams","2019-20",0.0487804878048781
"Steven Adams","2020-21",0.0531914893617021
"Steven Adams","2021-22",0.0676100628930818
"Svi Mykhailiuk","2019-20",0
"T.J. McConnell","2016-17",0.0121951219512195
"T.J. Warren","2016-17",0.24390243902439
"T.J. Warren","2017-18",0.227642276422764
"T.J. Warren","2018-19",0.222560975609756
"T.J. Warren","2019-20",0.273170731707317
"Taj Gibson","2015-16",0.0882352941176471
"Taj Gibson","2016-17",0.0896057347670251
"Taj Gibson","2017-18",0.084375
"Taj Gibson","2018-19",0.074792243767313
"Taurean Prince","2016-17",NA
"Taurean Prince","2017-18",0.0609756097560976
"Taurean Prince","2018-19",0.0304878048780488
"Taurean Prince","2019-20",0.130081300813008
"Tayshaun Prince","2015-16",0.0532825880114177
"Terrance Ferguson","2018-19",0.0121951219512195
"Terrance Ferguson","2019-20",0.0548780487804878
"Terrence Jones","2013-14",0
"Terrence Jones","2015-16",0.211382113821138
"Terrence Ross","2013-14",0.0487804878048781
"Terrence Ross","2014-15",0.0304878048780488
"Terrence Ross","2016-17",0.0426829268292683
"Terry Rozier","2019-20",0.0457317073170732
"Terry Rozier","2020-21",0.0432569974554707
"Terry Rozier","2021-22",0.043010752688172
"Terry Rozier","2022-23",0.0511882998171846
"Thabo Sefolosha","2013-14",0.0698924731182796
"Thaddeus Young","2013-14",0.0609243697478992
"Thaddeus Young","2014-15",0.0573476702508961
"Thaddeus Young","2015-16",0.0608424336973479
"Thaddeus Young","2016-17",0.0622406639004149
"Thaddeus Young","2017-18",0.0658385093167702
"Thaddeus Young","2018-19",0.0608793686583991
"Theo Maledon","2020-21",NA
"Thomas Bryant","2018-19",0.24390243902439
"Thomas Bryant","2019-20",0.121951219512195
"Thon Maker","2016-17",NA
"Tiago Splitter","2013-14",0.0652173913043478
"Tiago Splitter","2014-15",0.112179487179487
"Tim Duncan","2013-14",0.0473895582329317
"Tim Duncan","2014-15",0.0497362471740769
"Tim Duncan","2015-16",0.0503903477643719
"Tim Hardaway Jr.","2014-15",0
"Tim Hardaway Jr.","2016-17",0.113821138211382
"Tim Hardaway Jr.","2017-18",0.0914634146341463
"Tim Hardaway Jr.","2019-20",0.140529531568228
"Tim Hardaway Jr.","2022-23",0.158333333333333
"Timofey Mozgov","2014-15",0.0551948051948052
"Timothe Luwawu-Cabarrot","2016-17",NA
"Tobias Harris","2014-15",0.0829694323144105
"Tobias Harris","2015-16",0.102893890675241
"Tobias Harris","2018-19",0.0631768953068592
"Tobias Harris","2019-20",0.0549450549450549
"Tobias Harris","2020-21",0.0492957746478873
"Tobias Harris","2021-22",0.0562659846547315
"Tobias Harris","2022-23",0.0613425925925926
"Tomas Satoransky","2017-18",0
"Tomas Satoransky","2018-19",0
"Tomas Satoransky","2019-20",0.00813008130081301
"Tony Allen","2013-14",0.156509695290859
"Tony Allen","2014-15",0.172885572139303
"Tony Allen","2015-16",0.17607223476298
"Tony Parker","2013-14",0
"Tony Parker","2014-15",0
"Tony Parker","2015-16",0
"Tony Snell","2016-17",0
"Tony Snell","2017-18",0
"Tony Snell","2019-20",0.0285132382892057
"Tony Wroten","2013-14",0
"Trae Young","2018-19",NA
"Trae Young","2019-20",0
"Trae Young","2020-21",0.0469798657718121
"Trae Young","2021-22",0.0723981900452489
"Trae Young","2022-23",0.0726072607260726
"Tre Jones","2022-23",0.0584415584415584
"Trevor Ariza","2013-14",0.185338865836791
"Trevor Ariza","2014-15",0.172670807453416
"Trevor Ariza","2015-16",0.156708004509583
"Trevor Ariza","2016-17",0.144478844169247
"Trevor Ariza","2018-19",0.135922330097087
"Trey Burke","2013-14",NA
"Trey Burke","2014-15",0
"Trey Lyles","2019-20",0.00609756097560976
"Trey Murphy III","2022-23",0
"Tristan Thompson","2013-14",0.0405405405405405
"Tristan Thompson","2014-15",0.0260869565217391
"Tristan Thompson","2015-16",0.0192307692307692
"Tristan Thompson","2016-17",0.0152284263959391
"Tristan Thompson","2017-18",0.0210084033613445
"Tristan Thompson","2018-19",0.0698924731182796
"Tristan Thompson","2020-21",0.117730496453901
"Ty Lawson","2013-14",0.102564102564103
"Ty Lawson","2014-15",0.129441624365482
"Ty Lawson","2016-17",0.118918918918919
"Tyler Ennis","2016-17",0.272727272727273
"Tyler Johnson","2017-18",0.262135922330097
"Tyler Ulis","2016-17",NA
"Tyler Zeller","2014-15",0.0792682926829268
"Tyreke Evans","2014-15",0.157360406091371
"Tyrese Haliburton","2021-22",0.180555555555556
"Tyrese Haliburton","2022-23",0.11038961038961
"Tyrese Maxey","2021-22",0.0277777777777778
"Tyrese Maxey","2022-23",0.0584415584415584
"Tyson Chandler","2013-14",0.141630901287554
"Tyson Chandler","2014-15",0.155818540433925
"Tyson Chandler","2015-16",0.14963503649635
"Tyson Chandler","2017-18",0.15
"Tyus Jones","2021-22",0.107594936708861
"Victor Oladipo","2013-14",NA
"Victor Oladipo","2014-15",0.024390243902439
"Victor Oladipo","2015-16",0.0182926829268293
"Victor Oladipo","2016-17",0.0487804878048781
"Victor Oladipo","2017-18",0.0640243902439024
"Victor Oladipo","2018-19",0.0682926829268293
"Victor Oladipo","2020-21",0.136283185840708
"Vince Carter","2015-16",0.0781954887218045
"Vince Carter","2016-17",0.0764872521246459
"Walker Kessler","2022-23",NA
"Wayne Ellington","2014-15",0.0790816326530612
"Wayne Ellington","2015-16",0.0928270042194093
"Wayne Ellington","2018-19",0.0763888888888889
"Wayne Ellington","2020-21",0.0807381776239908
"Wendell Carter Jr.","2018-19",NA
"Wendell Carter Jr.","2019-20",0.451219512195122
"Wendell Carter, Jr.","2020-21",0
"Wendell Carter, Jr.","2021-22",0
"Wendell Carter, Jr.","2022-23",0
"Wesley Johnson","2013-14",0
"Wesley Johnson","2014-15",0
"Wesley Johnson","2017-18",0
"Wesley Matthews","2013-14",0
"Wesley Matthews","2015-16",0
"Wesley Matthews","2016-17",0
"Wesley Matthews","2017-18",0
"Wesley Matthews","2019-20",0
"Wesley Matthews","2021-22",0
"Will Barton","2018-19",0.0731707317073171
"Will Barton","2019-20",0.130662020905923
"Will Barton","2020-21",0.126738794435858
"Will Barton","2021-22",0.134909596662031
"Willie Cauley-Stein","2015-16",NA
"Willie Cauley-Stein","2016-17",0.195121951219512
"Willie Cauley-Stein","2017-18",0.0975609756097561
"Willie Cauley-Stein","2018-19",0.101626016260163
"Willy Hernangomez","2016-17",NA
"Wilson Chandler","2013-14",0.234192037470726
"Wilson Chandler","2014-15",0.223968565815324
"Wilson Chandler","2016-17",0.175334323922734
"Wilson Chandler","2017-18",0.16953642384106
"Xavier Tillman, Sr.","2022-23",0
"Yogi Ferrell","2016-17",NA
"Zach LaVine","2014-15",NA
"Zach LaVine","2018-19",0.155487804878049
"Zach LaVine","2019-20",0.168292682926829
"Zach LaVine","2020-21",0.155789473684211
"Zach LaVine","2021-22",0.159049360146252
"Zach LaVine","2022-23",0.160572337042925
"Zach Randolph","2013-14",0.134843581445523
"Zach Randolph","2014-15",0.126858275520317
"Zach Randolph","2015-16",0.127406049495875
"Zach Randolph","2016-17",0.130434782608696
"Zach Randolph","2017-18",0.129083665338645
"Zaza Pachulia","2014-15",0
"Zaza Pachulia","2015-16",0
"Zaza Pachulia","2016-17",0
"Zion Williamson","2020-21",0.0138888888888889
