"Season","Team","Position","Player","Age","MPG","G"
"2015-16","Orlando Magic","PF","Aaron Gordon",20,23.9,78
"2016-17","Orlando Magic","PF","Aaron Gordon",21,28.7,80
"2017-18","Orlando Magic","PF","Aaron Gordon",22,32.9,58
"2018-19","Orlando Magic","SF","Aaron Gordon",23,33.8,78
"2019-20","Orlando Magic","SF","Aaron Gordon",24,32.5,62
"2020-21","Denver Nuggets","PF","Aaron Gordon",25,27.7,50
"2021-22","Denver Nuggets","SF","Aaron Gordon",26,31.7,75
"2022-23","Denver Nuggets","PF","Aaron Gordon",27,30.2,68
"2022-23","Indiana Pacers","PF","Aaron Nesmith",23,24.9,73
"2014-15","Atlanta Hawks","C","Al Horford",28,30.5,76
"2015-16","Atlanta Hawks","C","Al Horford",29,32.1,82
"2016-17","Boston Celtics","C","Al Horford",30,32.3,68
"2017-18","Boston Celtics","PF","Al Horford",31,31.6,72
"2018-19","Boston Celtics","C","Al Horford",32,29,68
"2019-20","Philadelphia 76ers","PF","Al Horford",33,30.2,67
"2020-21","Oklahoma City Thunder","C","Al Horford",34,27.9,28
"2021-22","Boston Celtics","PF","Al Horford",35,29.1,69
"2022-23","Boston Celtics","PF","Al Horford",36,30.5,63
"2013-14","Charlotte Hornets","C","Al Jefferson",29,35,73
"2014-15","Charlotte Hornets","C","Al Jefferson",30,30.6,65
"2015-16","Charlotte Hornets","C","Al Jefferson",31,23.3,47
"2013-14","New Orleans Pelicans","PF","Al-Farouq Aminu",23,25.6,80
"2015-16","Portland Trail Blazers","SF","Al-Farouq Aminu",25,28.5,82
"2017-18","Portland Trail Blazers","C","Al-Farouq Aminu",27,30,69
"2018-19","Portland Trail Blazers","PF","Al-Farouq Aminu",28,28.3,81
"2021-22","New York Knicks","PG","Alec Burks",30,28.6,81
"2017-18","Los Angeles Lakers","PG","Alex Caruso",23,15.2,37
"2021-22","Chicago Bulls","PG","Alex Caruso",27,28,41
"2014-15","Phoenix Suns","C","Alex Len",21,22,69
"2015-16","Phoenix Suns","C","Alex Len",22,23.3,78
"2016-17","Phoenix Suns","C","Alex Len",23,20.3,77
"2020-21","Washington Wizards","C","Alex Len",27,15.3,64
"2016-17","New Orleans Pelicans","C","Alexis Ajinca",28,15,39
"2017-18","Brooklyn Nets","SF","Allen Crabbe",25,29.3,75
"2015-16","New Orleans Pelicans","SG","Alonzo Gee",28,22.4,73
"2022-23","Houston Rockets","C","Alperen Sengun",20,28.9,75
"2013-14","Toronto Raptors","PF","Amir Johnson",26,28.8,77
"2014-15","Toronto Raptors","PF","Amir Johnson",27,26.4,75
"2015-16","Boston Celtics","C","Amir Johnson",28,22.8,79
"2016-17","Boston Celtics","PF","Amir Johnson",29,20.1,80
"2013-14","Cleveland Cavaliers","C","Anderson Varejao",31,27.7,65
"2013-14","Detroit Pistons","C","Andre Drummond",20,32.3,81
"2014-15","Detroit Pistons","C","Andre Drummond",21,30.5,82
"2015-16","Detroit Pistons","C","Andre Drummond",22,32.9,81
"2016-17","Detroit Pistons","C","Andre Drummond",23,29.7,81
"2017-18","Detroit Pistons","C","Andre Drummond",24,33.7,78
"2018-19","Detroit Pistons","C","Andre Drummond",25,33.5,79
"2019-20","Cleveland Cavaliers","C","Andre Drummond",26,33,57
"2021-22","Brooklyn Nets","C","Andre Drummond",28,19.7,73
"2013-14","Golden State Warriors","SF","Andre Iguodala",30,32.4,63
"2014-15","Oklahoma City Thunder","SG","Andre Roberson",23,19.2,67
"2015-16","Oklahoma City Thunder","SG","Andre Roberson",24,22.2,70
"2016-17","Oklahoma City Thunder","SF","Andre Roberson",25,30.1,79
"2017-18","Oklahoma City Thunder","SG","Andre Roberson",26,26.6,39
"2013-14","New York Knicks","PF","Andrea Bargnani",28,29.9,42
"2014-15","Golden State Warriors","C","Andrew Bogut",30,23.6,67
"2015-16","Golden State Warriors","C","Andrew Bogut",31,20.7,70
"2017-18","Memphis Grizzlies","PG","Andrew Harrison",23,23.7,56
"2022-23","Indiana Pacers","SG","Andrew Nembhard",23,27.6,75
"2014-15","Minnesota Timberwolves","SF","Andrew Wiggins",19,36.2,82
"2015-16","Minnesota Timberwolves","SG","Andrew Wiggins",20,35.1,81
"2016-17","Minnesota Timberwolves","SF","Andrew Wiggins",21,37.2,82
"2017-18","Minnesota Timberwolves","SF","Andrew Wiggins",22,36.3,82
"2018-19","Minnesota Timberwolves","SF","Andrew Wiggins",23,34.8,73
"2019-20","Golden State Warriors","SG","Andrew Wiggins",24,34.4,54
"2020-21","Golden State Warriors","SG","Andrew Wiggins",25,33.3,71
"2021-22","Golden State Warriors","SF","Andrew Wiggins",26,31.9,73
"2022-23","Golden State Warriors","PF","Andrew Wiggins",27,32.2,37
"2021-22","Portland Trail Blazers","SG","Anfernee Simons",22,29.5,57
"2022-23","Portland Trail Blazers","SG","Anfernee Simons",23,35,62
"2013-14","New Orleans Pelicans","C","Anthony Davis",20,35.2,67
"2014-15","New Orleans Pelicans","PF","Anthony Davis",21,36.1,68
"2015-16","New Orleans Pelicans","PF","Anthony Davis",22,35.5,61
"2016-17","New Orleans Pelicans","SF","Anthony Davis",23,36.1,75
"2017-18","New Orleans Pelicans","PF","Anthony Davis",24,36.4,75
"2018-19","New Orleans Pelicans","C","Anthony Davis",25,33,56
"2019-20","Los Angeles Lakers","PF","Anthony Davis",26,34.4,62
"2020-21","Los Angeles Lakers","PF","Anthony Davis",27,32.3,36
"2021-22","Los Angeles Lakers","C","Anthony Davis",28,35.1,40
"2022-23","Los Angeles Lakers","C","Anthony Davis",29,34,56
"2020-21","Minnesota Timberwolves","PF","Anthony Edwards",19,32.1,72
"2021-22","Minnesota Timberwolves","SF","Anthony Edwards",20,34.3,72
"2022-23","Minnesota Timberwolves","SG","Anthony Edwards",21,36,79
"2013-14","Orlando Magic","SF","Arron Afflalo",28,35,73
"2014-15","Portland Trail Blazers","SG","Arron Afflalo",29,32.1,78
"2015-16","New York Knicks","SG","Arron Afflalo",30,33.4,71
"2022-23","Los Angeles Lakers","SF","Austin Reaves",24,28.8,64
"2015-16","Los Angeles Clippers","SG","Austin Rivers",23,21.9,67
"2016-17","Los Angeles Clippers","SG","Austin Rivers",24,27.8,74
"2013-14","Boston Celtics","SG","Avery Bradley",23,30.9,60
"2014-15","Boston Celtics","SG","Avery Bradley",24,31.5,77
"2016-17","Boston Celtics","SG","Avery Bradley",26,33.4,55
"2019-20","Los Angeles Lakers","SG","Avery Bradley",29,24.2,49
"2021-22","Los Angeles Lakers","SG","Avery Bradley",31,22.7,62
"2019-20","Miami Heat","C","Bam Adebayo",22,33.6,72
"2020-21","Miami Heat","C","Bam Adebayo",23,33.5,64
"2021-22","Miami Heat","C","Bam Adebayo",24,32.6,56
"2022-23","Miami Heat","C","Bam Adebayo",25,34.6,75
"2013-14","Sacramento Kings","SF","Ben McLemore",20,26.7,82
"2014-15","Sacramento Kings","SG","Ben McLemore",21,32.6,82
"2015-16","Sacramento Kings","SG","Ben McLemore",22,21.2,68
"2017-18","Philadelphia 76ers","PG","Ben Simmons",21,33.7,81
"2018-19","Philadelphia 76ers","PG","Ben Simmons",22,34.2,79
"2019-20","Philadelphia 76ers","PG","Ben Simmons",23,35.4,57
"2020-21","Philadelphia 76ers","PG","Ben Simmons",24,32.4,58
"2015-16","Toronto Raptors","PF","Bismack Biyombo",23,22,82
"2020-21","Charlotte Hornets","C","Bismack Biyombo",28,20.4,66
"2013-14","Los Angeles Clippers","PF","Blake Griffin",24,35.8,80
"2014-15","Los Angeles Clippers","PF","Blake Griffin",25,35.2,67
"2015-16","Los Angeles Clippers","PF","Blake Griffin",26,33.4,35
"2018-19","Detroit Pistons","PF","Blake Griffin",29,35,75
"2017-18","Sacramento Kings","SG","Bogdan Bogdanović",25,27.9,78
"2020-21","Atlanta Hawks","SG","Bogdan Bogdanović",28,29.7,44
"2014-15","Brooklyn Nets","SF","Bojan Bogdanović",25,23.8,78
"2015-16","Brooklyn Nets","SF","Bojan Bogdanović",26,26.8,79
"2017-18","Indiana Pacers","SF","Bojan Bogdanović",28,30.8,80
"2018-19","Indiana Pacers","SF","Bojan Bogdanović",29,31.8,81
"2019-20","Utah Jazz","SF","Bojan Bogdanović",30,33.1,63
"2020-21","Utah Jazz","SF","Bojan Bogdanović",31,30.8,72
"2021-22","Utah Jazz","SF","Bojan Bogdanović",32,30.9,69
"2022-23","Detroit Pistons","SF","Bojan Bogdanović",33,32.1,59
"2016-17","Utah Jazz","PF","Boris Diaw",34,17.6,73
"2013-14","Washington Wizards","SG","Bradley Beal",20,34.7,73
"2014-15","Washington Wizards","SG","Bradley Beal",21,33.4,63
"2016-17","Washington Wizards","SG","Bradley Beal",23,34.9,77
"2017-18","Washington Wizards","SF","Bradley Beal",24,36.3,82
"2018-19","Washington Wizards","SG","Bradley Beal",25,36.9,82
"2019-20","Washington Wizards","PG","Bradley Beal",26,36,57
"2020-21","Washington Wizards","SG","Bradley Beal",27,35.8,60
"2021-22","Washington Wizards","PG","Bradley Beal",28,36,40
"2022-23","Washington Wizards","SG","Bradley Beal",29,33.5,50
"2013-14","Boston Celtics","PF","Brandon Bass",28,27.6,82
"2014-15","Boston Celtics","PF","Brandon Bass",29,23.5,82
"2016-17","Los Angeles Lakers","SF","Brandon Ingram",19,28.8,79
"2017-18","Los Angeles Lakers","PF","Brandon Ingram",20,33.5,59
"2018-19","Los Angeles Lakers","SG","Brandon Ingram",21,33.8,52
"2019-20","New Orleans Pelicans","PF","Brandon Ingram",22,33.9,62
"2020-21","New Orleans Pelicans","SF","Brandon Ingram",23,34.3,61
"2021-22","New Orleans Pelicans","SF","Brandon Ingram",24,34,55
"2022-23","New Orleans Pelicans","SF","Brandon Ingram",25,34.2,45
"2013-14","Detroit Pistons","PG","Brandon Jennings",24,34.1,80
"2014-15","Detroit Pistons","PG","Brandon Jennings",25,28.6,41
"2013-14","Milwaukee Bucks","PG","Brandon Knight",22,33.3,72
"2015-16","Phoenix Suns","PG","Brandon Knight",24,36,52
"2018-19","Cleveland Cavaliers","SG","Brandon Knight",27,18.9,39
"2016-17","Minnesota Timberwolves","SG","Brandon Rush",31,21.9,47
"2013-14","New Orleans Pelicans","PG","Brian Roberts",28,23.2,72
"2014-15","Brooklyn Nets","C","Brook Lopez",26,29.2,72
"2015-16","Brooklyn Nets","C","Brook Lopez",27,33.7,73
"2018-19","Milwaukee Bucks","C","Brook Lopez",30,28.7,81
"2019-20","Milwaukee Bucks","C","Brook Lopez",31,26.7,68
"2020-21","Milwaukee Bucks","C","Brook Lopez",32,27.2,70
"2021-22","Milwaukee Bucks","C","Brook Lopez",33,22.9,13
"2022-23","Milwaukee Bucks","C","Brook Lopez",34,30.4,78
"2018-19","Detroit Pistons","SF","Bruce Brown",22,19.6,74
"2019-20","Detroit Pistons","PG","Bruce Brown",23,28.2,58
"2021-22","Brooklyn Nets","SF","Bruce Brown",25,24.6,72
"2018-19","Memphis Grizzlies","C","Bruno Caboclo",23,23.5,34
"2018-19","San Antonio Spurs","PG","Bryn Forbes",25,28,82
"2019-20","San Antonio Spurs","SG","Bryn Forbes",26,25.1,63
"2016-17","Sacramento Kings","SF","Buddy Hield",24,23,82
"2018-19","Sacramento Kings","SG","Buddy Hield",26,31.9,82
"2019-20","Sacramento Kings","SG","Buddy Hield",27,30.8,72
"2020-21","Sacramento Kings","SG","Buddy Hield",28,34.3,71
"2021-22","Indiana Pacers","SG","Buddy Hield",29,30.9,81
"2022-23","Indiana Pacers","SF","Buddy Hield",30,31,80
"2015-16","Portland Trail Blazers","SG","CJ McCollum",24,34.8,80
"2016-17","Portland Trail Blazers","SG","CJ McCollum",25,35,80
"2017-18","Portland Trail Blazers","SG","CJ McCollum",26,36.1,81
"2018-19","Portland Trail Blazers","SG","CJ McCollum",27,33.9,70
"2019-20","Portland Trail Blazers","SG","CJ McCollum",28,36.5,70
"2020-21","Portland Trail Blazers","SG","CJ McCollum",29,34,47
"2021-22","New Orleans Pelicans","PG","CJ McCollum",30,34.6,62
"2022-23","New Orleans Pelicans","PG","CJ McCollum",31,35.3,75
"2013-14","Cleveland Cavaliers","SF","CJ Miles",26,19.3,51
"2014-15","Indiana Pacers","SG","CJ Miles",27,26.3,70
"2017-18","Los Angeles Clippers","SF","C.J. Williams",27,18.6,38
"2021-22","Detroit Pistons","SG","Cade Cunningham",20,32.6,64
"2022-23","Brooklyn Nets","PF","Cameron Johnson",26,28.5,42
"2016-17","Brooklyn Nets","SF","Caris LeVert",22,21.7,57
"2018-19","Brooklyn Nets","SF","Caris LeVert",24,26.6,40
"2020-21","Indiana Pacers","SG","Caris LeVert",26,31.6,47
"2022-23","Cleveland Cavaliers","SF","Caris LeVert",28,30.2,74
"2013-14","Chicago Bulls","PF","Carlos Boozer",32,28.2,76
"2013-14","New York Knicks","SF","Carmelo Anthony",29,38.7,77
"2014-15","New York Knicks","PF","Carmelo Anthony",30,35.7,40
"2015-16","New York Knicks","SF","Carmelo Anthony",31,35.1,72
"2016-17","New York Knicks","SF","Carmelo Anthony",32,34.3,74
"2017-18","Oklahoma City Thunder","PF","Carmelo Anthony",33,32.1,78
"2019-20","Portland Trail Blazers","PF","Carmelo Anthony",35,32.8,58
"2014-15","Detroit Pistons","SF","Caron Butler",34,20.8,78
"2017-18","Cleveland Cavaliers","SF","Cedi Osman",22,11,61
"2018-19","Cleveland Cavaliers","SF","Cedi Osman",23,32.2,76
"2019-20","Cleveland Cavaliers","SF","Cedi Osman",24,29.4,65
"2014-15","Dallas Mavericks","SF","Chandler Parsons",26,33.1,66
"2013-14","Phoenix Suns","PF","Channing Frye",30,28.2,82
"2014-15","Orlando Magic","PF","Channing Frye",31,24.9,75
"2013-14","Miami Heat","C","Chris Bosh",29,32,79
"2014-15","Miami Heat","PF","Chris Bosh",30,35.4,44
"2021-22","Indiana Pacers","PF","Chris Duarte",24,28,55
"2013-14","Los Angeles Clippers","PG","Chris Paul",28,35,62
"2014-15","Los Angeles Clippers","PG","Chris Paul",29,34.8,82
"2015-16","Los Angeles Clippers","PG","Chris Paul",30,32.7,74
"2018-19","Houston Rockets","PG","Chris Paul",33,32,58
"2019-20","Oklahoma City Thunder","PG","Chris Paul",34,31.5,70
"2020-21","Phoenix Suns","PG","Chris Paul",35,31.4,70
"2021-22","Phoenix Suns","PG","Chris Paul",36,32.9,65
"2022-23","Phoenix Suns","PG","Chris Paul",37,32,59
"2020-21","Houston Rockets","C","Christian Wood",25,32.3,41
"2016-17","Houston Rockets","C","Clint Capela",22,23.9,65
"2018-19","Houston Rockets","C","Clint Capela",24,33.6,67
"2020-21","Atlanta Hawks","C","Clint Capela",26,30.1,63
"2022-23","Atlanta Hawks","C","Clint Capela",28,26.6,65
"2020-21","Chicago Bulls","PG","Coby White",20,31.2,69
"2014-15","Charlotte Hornets","PF","Cody Zeller",22,24,62
"2016-17","Charlotte Hornets","C","Cody Zeller",24,27.8,62
"2018-19","Charlotte Hornets","C","Cody Zeller",26,25.4,49
"2019-20","Charlotte Hornets","C","Cody Zeller",27,23.1,58
"2020-21","Orlando Magic","PG","Cole Anthony",20,27.1,47
"2021-22","Orlando Magic","PG","Cole Anthony",21,31.7,65
"2018-19","Cleveland Cavaliers","PG","Collin Sexton",20,31.8,82
"2019-20","Cleveland Cavaliers","SG","Collin Sexton",21,33,65
"2020-21","Cleveland Cavaliers","SG","Collin Sexton",22,35.3,60
"2013-14","Minnesota Timberwolves","SF","Corey Brewer",27,32.2,81
"2022-23","Washington Wizards","SF","Corey Kispert",23,28.3,74
"2013-14","Memphis Grizzlies","SG","Courtney Lee",28,25,79
"2014-15","Memphis Grizzlies","SG","Courtney Lee",29,30.6,77
"2015-16","Charlotte Hornets","SG","Courtney Lee",30,29.5,79
"2016-17","New York Knicks","SG","Courtney Lee",31,31.9,77
"2017-18","New York Knicks","PG","Courtney Lee",32,30.4,76
"2015-16","Los Angeles Lakers","PG","D'Angelo Russell",19,28.2,80
"2017-18","Brooklyn Nets","PG","D'Angelo Russell",21,25.7,48
"2018-19","Brooklyn Nets","PG","D'Angelo Russell",22,30.2,81
"2019-20","Minnesota Timberwolves","PG","D'Angelo Russell",23,32.3,45
"2021-22","Minnesota Timberwolves","SG","D'Angelo Russell",25,32,65
"2022-23","Los Angeles Lakers","SG","D'Angelo Russell",26,32.5,71
"2017-18","Orlando Magic","PG","D.J. Augustin",30,23.5,75
"2018-19","Orlando Magic","PG","D.J. Augustin",31,28,81
"2013-14","Portland Trail Blazers","PG","Damian Lillard",23,35.8,82
"2014-15","Portland Trail Blazers","PG","Damian Lillard",24,35.7,82
"2015-16","Portland Trail Blazers","PG","Damian Lillard",25,35.7,75
"2016-17","Portland Trail Blazers","PG","Damian Lillard",26,35.9,75
"2017-18","Portland Trail Blazers","PG","Damian Lillard",27,36.6,73
"2018-19","Portland Trail Blazers","PG","Damian Lillard",28,35.5,80
"2019-20","Portland Trail Blazers","PG","Damian Lillard",29,37.5,66
"2020-21","Portland Trail Blazers","PG","Damian Lillard",30,35.8,67
"2021-22","Portland Trail Blazers","PG","Damian Lillard",31,36.4,29
"2022-23","Portland Trail Blazers","PG","Damian Lillard",32,36.3,58
"2019-20","Golden State Warriors","PG","Damion Lee",27,29,49
"2018-19","New York Knicks","SG","Damyean Dotson",24,27.5,73
"2021-22","Washington Wizards","C","Daniel Gafford",23,20.1,72
"2022-23","Washington Wizards","C","Daniel Gafford",24,20.6,78
"2019-20","Boston Celtics","C","Daniel Theis",27,24.1,65
"2020-21","Chicago Bulls","PF","Daniel Theis",28,24.6,65
"2014-15","Denver Nuggets","SG","Danilo Gallinari",26,24.2,59
"2015-16","Denver Nuggets","SF","Danilo Gallinari",27,34.7,53
"2016-17","Denver Nuggets","SF","Danilo Gallinari",28,33.9,63
"2017-18","Los Angeles Clippers","PF","Danilo Gallinari",29,32,21
"2018-19","Los Angeles Clippers","PF","Danilo Gallinari",30,30.3,68
"2019-20","Oklahoma City Thunder","PF","Danilo Gallinari",31,29.6,62
"2021-22","Atlanta Hawks","PF","Danilo Gallinari",33,25.3,66
"2013-14","San Antonio Spurs","SG","Danny Green",26,24.3,68
"2014-15","San Antonio Spurs","SG","Danny Green",27,28.5,81
"2015-16","San Antonio Spurs","SG","Danny Green",28,26.1,79
"2016-17","San Antonio Spurs","SF","Danny Green",29,26.6,68
"2017-18","San Antonio Spurs","SF","Danny Green",30,25.6,70
"2018-19","Toronto Raptors","SG","Danny Green",31,27.7,80
"2020-21","Philadelphia 76ers","SF","Danny Green",33,28,69
"2015-16","New Orleans Pelicans","SF","Dante Cunningham",28,24.6,80
"2016-17","New Orleans Pelicans","PF","Dante Cunningham",29,25,66
"2014-15","Utah Jazz","SG","Danté Exum",19,22.2,82
"2019-20","Houston Rockets","SF","Danuel House Jr.",26,30.4,63
"2016-17","Philadelphia 76ers","PF","Dario Šarić",22,26.3,81
"2017-18","Philadelphia 76ers","SF","Dario Šarić",23,29.6,78
"2019-20","Phoenix Suns","PF","Dario Šarić",25,24.7,66
"2020-21","Oklahoma City Thunder","PF","Darius Bazley",20,31.2,55
"2021-22","Oklahoma City Thunder","PF","Darius Bazley",21,27.9,69
"2019-20","Cleveland Cavaliers","PG","Darius Garland",20,30.9,59
"2020-21","Cleveland Cavaliers","PG","Darius Garland",21,33.1,54
"2021-22","Cleveland Cavaliers","PG","Darius Garland",22,35.7,68
"2022-23","Cleveland Cavaliers","PG","Darius Garland",23,35.5,69
"2017-18","New Orleans Pelicans","SF","Darius Miller",27,23.7,82
"2014-15","Sacramento Kings","PG","Darren Collison",27,34.8,45
"2017-18","Indiana Pacers","PG","Darren Collison",30,29.2,69
"2018-19","Indiana Pacers","PG","Darren Collison",31,28.2,76
"2013-14","Golden State Warriors","C","David Lee",30,33.2,69
"2013-14","Indiana Pacers","PF","David West",33,30.9,80
"2014-15","Indiana Pacers","PF","David West",34,28.7,66
"2017-18","Sacramento Kings","PG","De'Aaron Fox",20,27.8,73
"2018-19","Sacramento Kings","PG","De'Aaron Fox",21,31.4,81
"2019-20","Sacramento Kings","PG","De'Aaron Fox",22,32,51
"2020-21","Sacramento Kings","PG","De'Aaron Fox",23,35.1,58
"2021-22","Sacramento Kings","PG","De'Aaron Fox",24,35.3,59
"2022-23","Sacramento Kings","PG","De'Aaron Fox",25,33.4,73
"2019-20","Atlanta Hawks","SF","De'Andre Hunter",22,32,63
"2021-22","Atlanta Hawks","SF","De'Andre Hunter",24,29.8,53
"2022-23","Atlanta Hawks","SF","De'Andre Hunter",25,31.7,67
"2018-19","Phoenix Suns","PG","De'Anthony Melton",20,19.7,50
"2013-14","Los Angeles Clippers","C","DeAndre Jordan",25,35,82
"2014-15","Los Angeles Clippers","C","DeAndre Jordan",26,34.4,82
"2015-16","Los Angeles Clippers","C","DeAndre Jordan",27,33.7,77
"2016-17","Los Angeles Clippers","C","DeAndre Jordan",28,31.7,81
"2020-21","Brooklyn Nets","C","DeAndre Jordan",32,21.9,57
"2021-22","Philadelphia 76ers","PF","DeAndre Jordan",33,13,48
"2013-14","Toronto Raptors","SG","DeMar DeRozan",24,38.2,79
"2014-15","Toronto Raptors","SG","DeMar DeRozan",25,35,60
"2015-16","Toronto Raptors","SG","DeMar DeRozan",26,35.9,78
"2016-17","Toronto Raptors","SG","DeMar DeRozan",27,35.4,74
"2017-18","Toronto Raptors","SG","DeMar DeRozan",28,33.9,80
"2018-19","San Antonio Spurs","SF","DeMar DeRozan",29,34.9,77
"2019-20","San Antonio Spurs","SF","DeMar DeRozan",30,34.1,68
"2020-21","San Antonio Spurs","PF","DeMar DeRozan",31,33.7,61
"2021-22","Chicago Bulls","SF","DeMar DeRozan",32,36.1,76
"2022-23","Chicago Bulls","SF","DeMar DeRozan",33,36.2,74
"2013-14","Sacramento Kings","C","DeMarcus Cousins",23,32.4,71
"2014-15","Sacramento Kings","C","DeMarcus Cousins",24,34.1,59
"2015-16","Sacramento Kings","PF","DeMarcus Cousins",25,34.6,65
"2018-19","Golden State Warriors","C","DeMarcus Cousins",28,25.7,30
"2013-14","Atlanta Hawks","SF","DeMarre Carroll",27,32.1,73
"2014-15","Atlanta Hawks","SF","DeMarre Carroll",28,31.3,70
"2015-16","Toronto Raptors","SF","DeMarre Carroll",29,30.2,26
"2017-18","Brooklyn Nets","C","DeMarre Carroll",31,29.9,73
"2018-19","Phoenix Suns","C","Deandre Ayton",20,30.7,71
"2019-20","Phoenix Suns","C","Deandre Ayton",21,32.5,38
"2020-21","Phoenix Suns","C","Deandre Ayton",22,30.7,69
"2021-22","Phoenix Suns","C","Deandre Ayton",23,29.5,58
"2022-23","Phoenix Suns","C","Deandre Ayton",24,30.4,67
"2017-18","San Antonio Spurs","SG","Dejounte Murray",21,21.5,81
"2019-20","San Antonio Spurs","PG","Dejounte Murray",23,25.6,66
"2020-21","San Antonio Spurs","PG","Dejounte Murray",24,31.9,67
"2021-22","San Antonio Spurs","PG","Dejounte Murray",25,34.8,68
"2022-23","Atlanta Hawks","SG","Dejounte Murray",26,36.4,74
"2020-21","Washington Wizards","SF","Deni Avdija",20,23.3,54
"2016-17","Atlanta Hawks","PG","Dennis Schröder",23,31.5,79
"2017-18","Atlanta Hawks","PG","Dennis Schröder",24,31,67
"2020-21","Los Angeles Lakers","PG","Dennis Schröder",27,32.1,61
"2022-23","Los Angeles Lakers","PG","Dennis Schröder",29,30.1,66
"2017-18","Dallas Mavericks","PG","Dennis Smith Jr.",20,29.7,69
"2017-18","Chicago Bulls","SF","Denzel Valentine",24,27.2,77
"2013-14","Brooklyn Nets","PG","Deron Williams",29,32.2,64
"2014-15","Brooklyn Nets","PG","Deron Williams",30,31.1,68
"2015-16","Dallas Mavericks","SG","Deron Williams",31,32.4,65
"2013-14","Utah Jazz","C","Derrick Favors",22,30.2,73
"2014-15","Utah Jazz","PF","Derrick Favors",23,30.8,74
"2015-16","Utah Jazz","PF","Derrick Favors",24,32,62
"2018-19","Utah Jazz","PF","Derrick Favors",27,23.2,76
"2019-20","New Orleans Pelicans","C","Derrick Favors",28,24.4,51
"2020-21","Portland Trail Blazers","PF","Derrick Jones Jr.",23,22.7,58
"2014-15","Chicago Bulls","PG","Derrick Rose",26,30,51
"2015-16","Chicago Bulls","PG","Derrick Rose",27,31.8,66
"2018-19","San Antonio Spurs","SG","Derrick White",24,25.8,67
"2022-23","Boston Celtics","PG","Derrick White",28,28.3,82
"2021-22","Memphis Grizzlies","SG","Desmond Bane",23,29.8,76
"2022-23","Memphis Grizzlies","SG","Desmond Bane",24,31.7,58
"2015-16","Phoenix Suns","SG","Devin Booker",19,27.7,76
"2016-17","Phoenix Suns","SG","Devin Booker",20,35,78
"2017-18","Phoenix Suns","PG","Devin Booker",21,34.5,54
"2018-19","Phoenix Suns","SG","Devin Booker",22,35,64
"2019-20","Phoenix Suns","SG","Devin Booker",23,35.9,70
"2020-21","Phoenix Suns","SG","Devin Booker",24,33.9,67
"2021-22","Phoenix Suns","SG","Devin Booker",25,34.5,68
"2022-23","Phoenix Suns","SG","Devin Booker",26,34.6,53
"2021-22","San Antonio Spurs","SF","Devin Vassell",21,27.3,71
"2022-23","San Antonio Spurs","SG","Devin Vassell",22,31,38
"2019-20","Charlotte Hornets","SG","Devonte' Graham",24,35.1,63
"2020-21","Charlotte Hornets","SG","Devonte' Graham",25,30.2,55
"2017-18","Atlanta Hawks","C","Dewayne Dedmon",28,24.9,62
"2018-19","Atlanta Hawks","C","Dewayne Dedmon",29,25.1,64
"2019-20","Atlanta Hawks","C","Dewayne Dedmon",30,17.6,44
"2017-18","Memphis Grizzlies","SG","Dillon Brooks",22,28.7,82
"2019-20","Memphis Grizzlies","SG","Dillon Brooks",24,28.9,73
"2020-21","Memphis Grizzlies","SF","Dillon Brooks",25,29.8,67
"2021-22","Memphis Grizzlies","SF","Dillon Brooks",26,27.7,32
"2022-23","Memphis Grizzlies","SF","Dillon Brooks",27,30.3,73
"2013-14","Dallas Mavericks","PF","Dirk Nowitzki",35,32.9,80
"2014-15","Dallas Mavericks","PF","Dirk Nowitzki",36,29.6,77
"2015-16","Dallas Mavericks","PF","Dirk Nowitzki",37,31.5,75
"2016-17","Dallas Mavericks","PF","Dirk Nowitzki",38,26.4,54
"2018-19","Dallas Mavericks","PF","Dirk Nowitzki",40,15.6,51
"2019-20","Indiana Pacers","PF","Domantas Sabonis",23,34.8,62
"2020-21","Indiana Pacers","PF","Domantas Sabonis",24,36,62
"2021-22","Sacramento Kings","PF","Domantas Sabonis",25,34.5,62
"2022-23","Sacramento Kings","C","Domantas Sabonis",26,34.6,79
"2015-16","Brooklyn Nets","PG","Donald Sloan",28,21.6,61
"2014-15","Houston Rockets","PF","Donatas Motiejunas",24,28.7,71
"2017-18","Utah Jazz","SG","Donovan Mitchell",21,33.4,79
"2018-19","Utah Jazz","SG","Donovan Mitchell",22,33.7,77
"2019-20","Utah Jazz","PG","Donovan Mitchell",23,34.3,69
"2020-21","Utah Jazz","SG","Donovan Mitchell",24,33.4,53
"2021-22","Utah Jazz","SG","Donovan Mitchell",25,33.8,67
"2022-23","Cleveland Cavaliers","SG","Donovan Mitchell",26,35.8,68
"2020-21","Milwaukee Bucks","SG","Donte DiVincenzo",24,27.5,66
"2016-17","Dallas Mavericks","SF","Dorian Finney-Smith",23,20.3,81
"2018-19","Dallas Mavericks","SF","Dorian Finney-Smith",25,24.5,81
"2019-20","Dallas Mavericks","SF","Dorian Finney-Smith",26,29.9,71
"2020-21","Dallas Mavericks","SF","Dorian Finney-Smith",27,32,60
"2021-22","Dallas Mavericks","PF","Dorian Finney-Smith",28,33.1,80
"2022-23","Brooklyn Nets","SF","Dorian Finney-Smith",29,30.4,66
"2021-22","San Antonio Spurs","PF","Doug McDermott",30,24,51
"2017-18","Phoenix Suns","PF","Dragan Bender",20,25.2,82
"2013-14","Golden State Warriors","PF","Draymond Green",23,21.9,82
"2014-15","Golden State Warriors","PF","Draymond Green",24,31.5,79
"2015-16","Golden State Warriors","PF","Draymond Green",25,34.7,81
"2016-17","Golden State Warriors","PF","Draymond Green",26,32.5,76
"2017-18","Golden State Warriors","PF","Draymond Green",27,32.7,70
"2018-19","Golden State Warriors","PF","Draymond Green",28,31.3,66
"2019-20","Golden State Warriors","SF","Draymond Green",29,28.4,43
"2020-21","Golden State Warriors","PF","Draymond Green",30,31.5,63
"2021-22","Golden State Warriors","C","Draymond Green",31,28.9,46
"2022-23","Golden State Warriors","C","Draymond Green",32,31.5,73
"2022-23","Portland Trail Blazers","PF","Drew Eubanks",25,20.3,78
"2019-20","Miami Heat","PF","Duncan Robinson",25,29.7,73
"2020-21","Miami Heat","SF","Duncan Robinson",26,31.4,72
"2020-21","Orlando Magic","PF","Dwayne Bacon",25,25.7,72
"2014-15","Houston Rockets","C","Dwight Howard",29,29.8,41
"2015-16","Houston Rockets","C","Dwight Howard",30,32.1,71
"2016-17","Atlanta Hawks","C","Dwight Howard",31,29.7,74
"2017-18","Charlotte Hornets","C","Dwight Howard",32,30.4,81
"2017-18","Dallas Mavericks","C","Dwight Powell",26,21.2,79
"2018-19","Dallas Mavericks","C","Dwight Powell",27,21.6,77
"2019-20","Dallas Mavericks","PF","Dwight Powell",28,26.5,40
"2021-22","Dallas Mavericks","C","Dwight Powell",30,21.9,82
"2022-23","Dallas Mavericks","C","Dwight Powell",31,19.2,76
"2013-14","Miami Heat","SG","Dwyane Wade",32,32.9,54
"2014-15","Miami Heat","SG","Dwyane Wade",33,31.8,62
"2015-16","Miami Heat","SG","Dwyane Wade",34,30.5,74
"2016-17","Chicago Bulls","SF","Dwyane Wade",35,29.9,60
"2017-18","New Orleans Pelicans","SG","E'Twaun Moore",28,31.5,82
"2018-19","New Orleans Pelicans","SG","E'Twaun Moore",29,27.6,53
"2014-15","Orlando Magic","PG","Elfrid Payton",20,30.4,82
"2015-16","Orlando Magic","PG","Elfrid Payton",21,29.4,73
"2016-17","Orlando Magic","PG","Elfrid Payton",22,29.4,82
"2018-19","New Orleans Pelicans","PG","Elfrid Payton",24,29.8,42
"2020-21","New York Knicks","PG","Elfrid Payton",26,23.6,63
"2017-18","New Orleans Pelicans","C","Emeka Okafor",35,13.6,26
"2015-16","Denver Nuggets","PG","Emmanuel Mudiay",19,30.4,68
"2018-19","New York Knicks","PG","Emmanuel Mudiay",22,27.2,59
"2017-18","New York Knicks","C","Enes Freedom",25,25.8,71
"2014-15","Phoenix Suns","PG","Eric Bledsoe",25,34.6,81
"2018-19","Milwaukee Bucks","PG","Eric Bledsoe",29,29.1,78
"2019-20","Milwaukee Bucks","PG","Eric Bledsoe",30,27,61
"2020-21","New Orleans Pelicans","SG","Eric Bledsoe",31,29.7,71
"2013-14","New Orleans Pelicans","SF","Eric Gordon",25,32.1,64
"2014-15","New Orleans Pelicans","SG","Eric Gordon",26,33.1,61
"2015-16","New Orleans Pelicans","PG","Eric Gordon",27,32.9,45
"2017-18","Houston Rockets","PG","Eric Gordon",29,31.2,69
"2018-19","Houston Rockets","SG","Eric Gordon",30,31.7,68
"2021-22","Houston Rockets","SF","Eric Gordon",33,29.3,57
"2022-23","Los Angeles Clippers","SG","Eric Gordon",34,28.5,69
"2019-20","Golden State Warriors","PF","Eric Paschall",23,27.6,60
"2013-14","Milwaukee Bucks","PF","Ersan Ilyasova",26,26.9,55
"2014-15","Milwaukee Bucks","PF","Ersan Ilyasova",27,22.7,58
"2015-16","Orlando Magic","SF","Evan Fournier",23,32.5,79
"2016-17","Orlando Magic","SG","Evan Fournier",24,32.9,68
"2017-18","Orlando Magic","SG","Evan Fournier",25,32.2,57
"2018-19","Orlando Magic","SG","Evan Fournier",26,31.5,81
"2019-20","Orlando Magic","SG","Evan Fournier",27,31.5,66
"2021-22","New York Knicks","SG","Evan Fournier",29,29.5,80
"2021-22","Cleveland Cavaliers","PF","Evan Mobley",20,33.8,69
"2022-23","Cleveland Cavaliers","PF","Evan Mobley",21,34.4,79
"2014-15","Boston Celtics","SF","Evan Turner",26,27.6,82
"2015-16","Boston Celtics","SF","Evan Turner",27,28,81
"2016-17","Portland Trail Blazers","SF","Evan Turner",28,25.5,65
"2017-18","Portland Trail Blazers","SF","Evan Turner",29,25.7,79
"2013-14","Houston Rockets","SF","Francisco Garcia",32,19.7,55
"2015-16","Charlotte Hornets","PF","Frank Kaminsky",22,21.1,81
"2019-20","New York Knicks","PG","Frank Ntilikina",21,20.8,57
"2021-22","Orlando Magic","SF","Franz Wagner",20,30.7,79
"2022-23","Orlando Magic","SF","Franz Wagner",21,32.6,80
"2019-20","Toronto Raptors","PG","Fred VanVleet",25,35.7,54
"2020-21","Toronto Raptors","SG","Fred VanVleet",26,36.5,52
"2021-22","Toronto Raptors","PG","Fred VanVleet",27,37.9,65
"2022-23","Toronto Raptors","PG","Fred VanVleet",28,36.7,69
"2022-23","Miami Heat","PG","Gabe Vincent",26,25.9,68
"2015-16","Washington Wizards","SG","Garrett Temple",29,24.4,80
"2019-20","Brooklyn Nets","SG","Garrett Temple",33,27.9,62
"2021-22","Houston Rockets","PF","Garrison Mathews",25,26.3,65
"2015-16","Denver Nuggets","SG","Gary Harris",21,32.1,76
"2016-17","Denver Nuggets","SG","Gary Harris",22,31.3,57
"2017-18","Denver Nuggets","SG","Gary Harris",23,34.4,67
"2018-19","Denver Nuggets","SG","Gary Harris",24,28.8,57
"2019-20","Denver Nuggets","SG","Gary Harris",25,31.8,56
"2020-21","Orlando Magic","SG","Gary Harris",26,27.7,39
"2022-23","Orlando Magic","SG","Gary Harris",28,24.7,48
"2022-23","Golden State Warriors","SG","Gary Payton II",30,16.7,22
"2020-21","Toronto Raptors","SF","Gary Trent Jr.",22,31.1,58
"2021-22","Toronto Raptors","SG","Gary Trent Jr.",23,35,70
"2013-14","Indiana Pacers","PG","George Hill",27,32,76
"2014-15","Indiana Pacers","PG","George Hill",28,29.5,43
"2015-16","Indiana Pacers","PG","George Hill",29,34.1,74
"2013-14","Phoenix Suns","SG","Gerald Green",28,28.4,82
"2013-14","Charlotte Hornets","SG","Gerald Henderson",26,32,77
"2014-15","Charlotte Hornets","SG","Gerald Henderson",27,28.9,80
"2014-15","Milwaukee Bucks","SF","Giannis Antetokounmpo",20,31.4,81
"2015-16","Milwaukee Bucks","SF","Giannis Antetokounmpo",21,35.3,80
"2016-17","Milwaukee Bucks","PF","Giannis Antetokounmpo",22,35.6,80
"2017-18","Milwaukee Bucks","PF","Giannis Antetokounmpo",23,36.7,75
"2018-19","Milwaukee Bucks","PF","Giannis Antetokounmpo",24,32.8,72
"2019-20","Milwaukee Bucks","PF","Giannis Antetokounmpo",25,30.4,63
"2020-21","Milwaukee Bucks","PF","Giannis Antetokounmpo",26,33,61
"2021-22","Milwaukee Bucks","PF","Giannis Antetokounmpo",27,32.9,67
"2022-23","Milwaukee Bucks","PF","Giannis Antetokounmpo",28,32.1,63
"2019-20","Philadelphia 76ers","SG","Glenn Robinson III",26,28.8,62
"2013-14","Phoenix Suns","PG","Goran Dragic",27,35.1,76
"2015-16","Miami Heat","PG","Goran Dragic",29,32.8,72
"2016-17","Miami Heat","PG","Goran Dragic",30,33.7,73
"2017-18","Miami Heat","PG","Goran Dragic",31,31.7,75
"2013-14","Utah Jazz","SG","Gordon Hayward",23,36.4,77
"2014-15","Utah Jazz","SF","Gordon Hayward",24,34.4,76
"2015-16","Utah Jazz","SF","Gordon Hayward",25,36.2,80
"2016-17","Utah Jazz","SF","Gordon Hayward",26,34.5,73
"2019-20","Boston Celtics","SF","Gordon Hayward",29,33.5,52
"2020-21","Charlotte Hornets","SF","Gordon Hayward",30,34,44
"2021-22","Charlotte Hornets","SF","Gordon Hayward",31,31.9,49
"2022-23","Charlotte Hornets","PF","Gordon Hayward",32,31.5,50
"2014-15","Minnesota Timberwolves","PF","Gorgui Dieng",25,30,73
"2015-16","Minnesota Timberwolves","PF","Gorgui Dieng",26,27.1,82
"2016-17","Minnesota Timberwolves","PF","Gorgui Dieng",27,32.4,82
"2020-21","Memphis Grizzlies","SG","Grayson Allen",25,25.2,50
"2021-22","Milwaukee Bucks","SG","Grayson Allen",26,27.3,66
"2022-23","Milwaukee Bucks","SG","Grayson Allen",27,27.4,72
"2013-14","Detroit Pistons","PF","Greg Monroe",23,32.8,82
"2014-15","Detroit Pistons","PF","Greg Monroe",24,31,69
"2015-16","Milwaukee Bucks","C","Greg Monroe",25,29.3,79
"2014-15","Golden State Warriors","SF","Harrison Barnes",22,28.3,82
"2015-16","Golden State Warriors","SF","Harrison Barnes",23,30.9,66
"2017-18","Dallas Mavericks","SF","Harrison Barnes",25,34.2,77
"2018-19","Sacramento Kings","SF","Harrison Barnes",26,32.9,77
"2019-20","Sacramento Kings","SF","Harrison Barnes",27,34.5,72
"2020-21","Sacramento Kings","SF","Harrison Barnes",28,36.2,58
"2021-22","Sacramento Kings","SF","Harrison Barnes",29,33.5,77
"2022-23","Sacramento Kings","SF","Harrison Barnes",30,32.5,82
"2014-15","Miami Heat","C","Hassan Whiteside",25,23.8,48
"2015-16","Miami Heat","C","Hassan Whiteside",26,29.1,73
"2016-17","Miami Heat","C","Hassan Whiteside",27,32.6,77
"2017-18","Miami Heat","C","Hassan Whiteside",28,25.3,54
"2018-19","Miami Heat","C","Hassan Whiteside",29,23.3,72
"2019-20","Portland Trail Blazers","C","Hassan Whiteside",30,30,67
"2014-15","Philadelphia 76ers","PF","Henry Sims",24,19.2,73
"2021-22","New Orleans Pelicans","SG","Herbert Jones",23,29.9,78
"2022-23","New Orleans Pelicans","SG","Herbert Jones",24,29.6,66
"2013-14","Philadelphia 76ers","PF","Hollis Thompson",22,22.6,77
"2015-16","Indiana Pacers","C","Ian Mahinmi",29,25.6,71
"2019-20","Washington Wizards","C","Ian Mahinmi",33,21.3,38
"2013-14","New York Knicks","SG","Iman Shumpert",23,26.5,74
"2014-15","Cleveland Cavaliers","SG","Iman Shumpert",24,24.9,62
"2019-20","Washington Wizards","SG","Isaac Bonga",20,18.9,66
"2020-21","Cleveland Cavaliers","SF","Isaac Okoro",20,32.4,67
"2021-22","Cleveland Cavaliers","SG","Isaac Okoro",21,29.6,67
"2015-16","Philadelphia 76ers","PG","Isaiah Canaan",24,25.5,77
"2016-17","Chicago Bulls","PG","Isaiah Canaan",25,15.2,39
"2021-22","Detroit Pistons","C","Isaiah Stewart",20,25.6,71
"2022-23","Detroit Pistons","C","Isaiah Stewart",21,28.3,50
"2013-14","Sacramento Kings","PG","Isaiah Thomas",24,34.7,72
"2015-16","Boston Celtics","PG","Isaiah Thomas",26,32.2,82
"2016-17","Detroit Pistons","PG","Ish Smith",28,24.1,81
"2017-18","Detroit Pistons","PG","Ish Smith",29,24.9,82
"2018-19","Los Angeles Clippers","C","Ivica Zubac",21,17.6,59
"2019-20","Los Angeles Clippers","C","Ivica Zubac",22,18.4,72
"2021-22","Los Angeles Clippers","C","Ivica Zubac",24,24.4,76
"2022-23","Los Angeles Clippers","C","Ivica Zubac",25,28.6,76
"2013-14","Denver Nuggets","C","JJ Hickson",25,26.9,69
"2013-14","Los Angeles Clippers","SG","JJ Redick",29,28.2,35
"2014-15","Los Angeles Clippers","SG","JJ Redick",30,30.9,78
"2016-17","Los Angeles Clippers","PG","JJ Redick",32,28.2,78
"2018-19","Philadelphia 76ers","SG","JJ Redick",34,31.3,76
"2019-20","New Orleans Pelicans","SG","JJ Redick",35,26.4,60
"2015-16","Cleveland Cavaliers","SG","JR Smith",30,30.7,77
"2016-17","Cleveland Cavaliers","SG","JR Smith",31,29,41
"2017-18","Cleveland Cavaliers","PG","JR Smith",32,28.1,80
"2019-20","Memphis Grizzlies","PG","Ja Morant",20,31,67
"2020-21","Memphis Grizzlies","PG","Ja Morant",21,32.6,63
"2022-23","Memphis Grizzlies","PG","Ja Morant",23,31.9,61
"2014-15","Philadelphia 76ers","PG","JaKarr Sampson",21,15.3,74
"2017-18","Memphis Grizzlies","PF","JaMychal Green",27,28,55
"2018-19","Los Angeles Lakers","C","JaVale McGee",31,22.3,75
"2019-20","Los Angeles Lakers","C","JaVale McGee",32,16.6,68
"2015-16","Milwaukee Bucks","PF","Jabari Parker",20,31.7,76
"2022-23","Houston Rockets","PF","Jabari Smith Jr.",19,31,79
"2022-23","Detroit Pistons","SG","Jaden Ivey",20,31.1,74
"2015-16","Boston Celtics","SG","Jae Crowder",25,31.6,73
"2016-17","Boston Celtics","SF","Jae Crowder",26,32.4,72
"2019-20","Miami Heat","SF","Jae Crowder",29,28.8,65
"2020-21","Phoenix Suns","PF","Jae Crowder",30,27.5,60
"2021-22","Phoenix Suns","PF","Jae Crowder",31,28.1,67
"2020-21","Houston Rockets","SF","Jae'Sean Tate",25,29.2,70
"2021-22","Houston Rockets","C","Jae'Sean Tate",26,26.4,78
"2015-16","Philadelphia 76ers","C","Jahlil Okafor",20,30,53
"2020-21","San Antonio Spurs","C","Jakob Pöltl",25,26.7,69
"2021-22","San Antonio Spurs","C","Jakob Pöltl",26,29,68
"2022-23","Toronto Raptors","C","Jakob Pöltl",27,26.5,72
"2018-19","Dallas Mavericks","SG","Jalen Brunson",22,21.8,73
"2021-22","Dallas Mavericks","SG","Jalen Brunson",25,31.9,79
"2022-23","New York Knicks","PG","Jalen Brunson",26,35,68
"2022-23","Detroit Pistons","PF","Jalen Duren",19,24.9,67
"2021-22","Houston Rockets","SG","Jalen Green",19,31.9,67
"2022-23","Houston Rockets","SG","Jalen Green",20,34.2,76
"2021-22","Orlando Magic","SG","Jalen Suggs",20,27.2,48
"2022-23","Oklahoma City Thunder","PF","Jalen Williams",21,30.3,75
"2016-17","Denver Nuggets","PG","Jamal Murray",19,21.5,82
"2017-18","Denver Nuggets","PG","Jamal Murray",20,31.7,81
"2018-19","Denver Nuggets","PG","Jamal Murray",21,32.6,75
"2019-20","Denver Nuggets","PG","Jamal Murray",22,32.3,59
"2020-21","Denver Nuggets","PG","Jamal Murray",23,35.5,48
"2022-23","Denver Nuggets","PG","Jamal Murray",25,32.8,65
"2013-14","Orlando Magic","PG","Jameer Nelson",31,32,68
"2013-14","Philadelphia 76ers","SF","James Anderson",24,28.9,80
"2016-17","Memphis Grizzlies","SF","James Ennis III",26,23.5,64
"2020-21","Orlando Magic","SF","James Ennis III",30,24,41
"2013-14","Houston Rockets","SG","James Harden",24,38,73
"2014-15","Houston Rockets","SG","James Harden",25,36.8,81
"2015-16","Houston Rockets","SG","James Harden",26,38.1,82
"2016-17","Houston Rockets","SG","James Harden",27,36.4,81
"2017-18","Houston Rockets","SG","James Harden",28,35.4,72
"2018-19","Houston Rockets","SF","James Harden",29,36.8,78
"2019-20","Houston Rockets","SG","James Harden",30,36.5,68
"2020-21","Brooklyn Nets","SG","James Harden",31,36.6,44
"2021-22","Philadelphia 76ers","PG","James Harden",32,37.2,65
"2022-23","Philadelphia 76ers","PG","James Harden",33,36.8,58
"2016-17","Miami Heat","PF","James Johnson",29,27.4,76
"2017-18","Miami Heat","PF","James Johnson",30,26.6,73
"2018-19","Miami Heat","SF","James Johnson",31,21.2,55
"2015-16","Washington Wizards","SF","Jared Dudley",30,25.9,81
"2013-14","Boston Celtics","C","Jared Sullinger",21,27.6,74
"2017-18","Memphis Grizzlies","SF","Jarell Martin",23,22.8,73
"2018-19","Memphis Grizzlies","PF","Jaren Jackson Jr.",19,26.1,58
"2019-20","Memphis Grizzlies","SF","Jaren Jackson Jr.",20,28.5,57
"2021-22","Memphis Grizzlies","PF","Jaren Jackson Jr.",22,27.3,78
"2022-23","Memphis Grizzlies","PF","Jaren Jackson Jr.",23,28.4,63
"2021-22","Minnesota Timberwolves","PF","Jarred Vanderbilt",22,25.4,74
"2018-19","Brooklyn Nets","C","Jarrett Allen",20,26.2,80
"2019-20","Brooklyn Nets","C","Jarrett Allen",21,26.5,70
"2020-21","Cleveland Cavaliers","C","Jarrett Allen",22,29.6,63
"2021-22","Cleveland Cavaliers","C","Jarrett Allen",23,32.3,56
"2022-23","Cleveland Cavaliers","C","Jarrett Allen",24,32.6,68
"2019-20","Minnesota Timberwolves","SF","Jarrett Culver",20,23.9,63
"2013-14","Cleveland Cavaliers","SG","Jarrett Jack",30,28.2,80
"2014-15","New York Knicks","C","Jason Smith",28,21.8,82
"2015-16","Houston Rockets","PG","Jason Terry",38,17.5,72
"2013-14","Sacramento Kings","PF","Jason Thompson",27,24.5,82
"2014-15","Sacramento Kings","PF","Jason Thompson",28,24.6,81
"2021-22","New Orleans Pelicans","PF","Jaxson Hayes",21,20,70
"2017-18","Boston Celtics","SG","Jaylen Brown",21,30.7,70
"2019-20","Boston Celtics","SG","Jaylen Brown",23,33.9,57
"2020-21","Boston Celtics","SF","Jaylen Brown",24,34.5,58
"2021-22","Boston Celtics","SG","Jaylen Brown",25,33.6,66
"2022-23","Boston Celtics","SG","Jaylen Brown",26,35.9,67
"2022-23","Oklahoma City Thunder","C","Jaylin Williams",20,18.7,49
"2017-18","Boston Celtics","SF","Jayson Tatum",19,30.5,80
"2018-19","Boston Celtics","SF","Jayson Tatum",20,31.1,79
"2019-20","Boston Celtics","PF","Jayson Tatum",21,34.3,66
"2020-21","Boston Celtics","PF","Jayson Tatum",22,35.8,64
"2021-22","Boston Celtics","SF","Jayson Tatum",23,35.9,76
"2022-23","Boston Celtics","SF","Jayson Tatum",24,36.9,74
"2013-14","Boston Celtics","SF","Jeff Green",27,34.2,82
"2018-19","Washington Wizards","PF","Jeff Green",32,27.2,77
"2020-21","Brooklyn Nets","PF","Jeff Green",34,27,68
"2021-22","Denver Nuggets","PF","Jeff Green",35,24.7,75
"2013-14","Atlanta Hawks","PG","Jeff Teague",25,32.2,79
"2014-15","Atlanta Hawks","PG","Jeff Teague",26,30.5,73
"2015-16","Atlanta Hawks","PG","Jeff Teague",27,28.5,79
"2016-17","Indiana Pacers","PG","Jeff Teague",28,32.4,82
"2017-18","Minnesota Timberwolves","PG","Jeff Teague",29,33,70
"2018-19","Minnesota Timberwolves","PG","Jeff Teague",30,30.1,42
"2015-16","Philadelphia 76ers","SG","Jerami Grant",21,26.8,77
"2018-19","Oklahoma City Thunder","PF","Jerami Grant",24,32.7,80
"2020-21","Detroit Pistons","PF","Jerami Grant",26,33.9,54
"2021-22","Detroit Pistons","PF","Jerami Grant",27,31.9,47
"2022-23","Portland Trail Blazers","SF","Jerami Grant",28,35.7,63
"2021-22","Oklahoma City Thunder","C","Jeremiah Robinson-Earl",21,22.2,49
"2018-19","Charlotte Hornets","SG","Jeremy Lamb",26,28.5,79
"2019-20","Indiana Pacers","SG","Jeremy Lamb",27,28.1,46
"2013-14","Houston Rockets","PG","Jeremy Lin",25,28.9,71
"2016-17","Brooklyn Nets","PG","Jeremy Lin",28,24.5,36
"2022-23","San Antonio Spurs","PF","Jeremy Sochan",19,26,56
"2016-17","Chicago Bulls","SG","Jerian Grant",24,16.3,63
"2017-18","Philadelphia 76ers","SG","Jerryd Bayless",29,23.7,39
"2013-14","Chicago Bulls","SG","Jimmy Butler",24,38.7,67
"2014-15","Chicago Bulls","SG","Jimmy Butler",25,38.7,65
"2015-16","Chicago Bulls","SG","Jimmy Butler",26,36.9,67
"2017-18","Minnesota Timberwolves","SG","Jimmy Butler",28,36.7,59
"2018-19","Philadelphia 76ers","SF","Jimmy Butler",29,33.6,65
"2019-20","Miami Heat","SG","Jimmy Butler",30,33.8,58
"2020-21","Miami Heat","PF","Jimmy Butler",31,33.6,52
"2021-22","Miami Heat","SF","Jimmy Butler",32,33.9,57
"2022-23","Miami Heat","SF","Jimmy Butler",33,33.4,64
"2013-14","Chicago Bulls","C","Joakim Noah",28,35.3,80
"2014-15","Chicago Bulls","C","Joakim Noah",29,30.6,67
"2013-14","Los Angeles Lakers","SG","Jodie Meeks",26,33.2,77
"2018-19","Brooklyn Nets","SG","Joe Harris",27,30.2,76
"2019-20","Brooklyn Nets","SF","Joe Harris",28,30.8,69
"2020-21","Brooklyn Nets","SF","Joe Harris",29,31,69
"2016-17","Utah Jazz","SG","Joe Ingles",29,24,82
"2017-18","Utah Jazz","SF","Joe Ingles",30,31.4,82
"2018-19","Utah Jazz","SF","Joe Ingles",31,31.3,82
"2019-20","Utah Jazz","SG","Joe Ingles",32,29.7,72
"2013-14","Brooklyn Nets","SF","Joe Johnson",32,32.6,79
"2014-15","Brooklyn Nets","SG","Joe Johnson",33,34.9,80
"2015-16","Miami Heat","SF","Joe Johnson",34,33.4,81
"2017-18","Philadelphia 76ers","C","Joel Embiid",23,30.3,63
"2018-19","Philadelphia 76ers","C","Joel Embiid",24,33.7,64
"2019-20","Philadelphia 76ers","C","Joel Embiid",25,29.5,51
"2020-21","Philadelphia 76ers","C","Joel Embiid",26,31.1,51
"2021-22","Philadelphia 76ers","C","Joel Embiid",27,33.8,68
"2022-23","Philadelphia 76ers","C","Joel Embiid",28,34.6,66
"2018-19","Atlanta Hawks","PF","John Collins",21,30,61
"2019-20","Atlanta Hawks","PF","John Collins",22,33.2,41
"2020-21","Atlanta Hawks","PF","John Collins",23,29.3,63
"2021-22","Atlanta Hawks","C","John Collins",24,30.8,54
"2022-23","Atlanta Hawks","PF","John Collins",25,30,71
"2017-18","Milwaukee Bucks","C","John Henson",27,25.9,76
"2013-14","Washington Wizards","PG","John Wall",23,36.3,82
"2014-15","Washington Wizards","PG","John Wall",24,35.9,79
"2015-16","Washington Wizards","PG","John Wall",25,36.2,77
"2016-17","Washington Wizards","PG","John Wall",26,36.4,78
"2017-18","Washington Wizards","PG","John Wall",27,34.4,41
"2020-21","Houston Rockets","SG","John Wall",30,32.2,40
"2016-17","Detroit Pistons","PF","Jon Leuer",27,25.9,75
"2015-16","Boston Celtics","PF","Jonas Jerebko",28,15.1,78
"2017-18","Utah Jazz","PF","Jonas Jerebko",30,15.3,74
"2013-14","Toronto Raptors","C","Jonas Valančiūnas",21,28.2,81
"2014-15","Toronto Raptors","C","Jonas Valančiūnas",22,26.2,80
"2015-16","Toronto Raptors","C","Jonas Valančiūnas",23,26,60
"2016-17","Toronto Raptors","C","Jonas Valančiūnas",24,25.8,80
"2017-18","Toronto Raptors","C","Jonas Valančiūnas",25,22.4,77
"2019-20","Memphis Grizzlies","C","Jonas Valančiūnas",27,26.4,70
"2020-21","Memphis Grizzlies","C","Jonas Valančiūnas",28,28.3,62
"2021-22","New Orleans Pelicans","C","Jonas Valančiūnas",29,30.3,74
"2022-23","New Orleans Pelicans","C","Jonas Valančiūnas",30,24.9,79
"2018-19","Orlando Magic","PF","Jonathan Isaac",21,26.6,75
"2019-20","Orlando Magic","PF","Jonathan Isaac",22,28.8,34
"2016-17","San Antonio Spurs","SG","Jonathon Simmons",27,17.8,78
"2017-18","Orlando Magic","SF","Jonathon Simmons",28,29.4,69
"2017-18","Golden State Warriors","C","Jordan Bell",23,14.2,57
"2014-15","Los Angeles Lakers","PG","Jordan Clarkson",22,25,59
"2015-16","Los Angeles Lakers","SG","Jordan Clarkson",23,32.3,79
"2016-17","Los Angeles Lakers","SG","Jordan Clarkson",24,29.2,82
"2022-23","Utah Jazz","PG","Jordan Clarkson",30,32.6,61
"2015-16","Memphis Grizzlies","PG","Jordan Farmar",29,24.3,12
"2013-14","Los Angeles Lakers","PF","Jordan Hill",26,20.8,72
"2014-15","Los Angeles Lakers","C","Jordan Hill",27,26.8,70
"2013-14","Dallas Mavericks","PG","Jose Calderon",32,30.5,81
"2014-15","New York Knicks","PG","Jose Calderon",33,30.2,42
"2015-16","New York Knicks","PG","Jose Calderon",34,28.1,72
"2021-22","Oklahoma City Thunder","SF","Josh Giddey",19,31.5,54
"2022-23","Oklahoma City Thunder","PG","Josh Giddey",20,31.1,76
"2017-18","Los Angeles Lakers","SF","Josh Hart",22,23.2,63
"2021-22","Portland Trail Blazers","PF","Josh Hart",26,33.2,54
"2020-21","Detroit Pistons","SG","Josh Jackson",23,25.2,62
"2013-14","Charlotte Hornets","PF","Josh McRoberts",26,30.3,78
"2018-19","Minnesota Timberwolves","SG","Josh Okogie",20,23.7,74
"2019-20","Minnesota Timberwolves","PF","Josh Okogie",21,25,62
"2020-21","Minnesota Timberwolves","SF","Josh Okogie",22,20.3,59
"2022-23","Phoenix Suns","SF","Josh Okogie",24,18.8,72
"2016-17","Miami Heat","SG","Josh Richardson",23,30.5,53
"2017-18","Miami Heat","SF","Josh Richardson",24,33.2,81
"2018-19","Miami Heat","SG","Josh Richardson",25,34.8,73
"2020-21","Dallas Mavericks","SG","Josh Richardson",27,30.3,59
"2013-14","Detroit Pistons","SF","Josh Smith",28,35.5,77
"2013-14","New Orleans Pelicans","SG","Jrue Holiday",23,33.6,34
"2016-17","New Orleans Pelicans","PG","Jrue Holiday",26,32.7,67
"2017-18","New Orleans Pelicans","PG","Jrue Holiday",27,36.1,81
"2018-19","New Orleans Pelicans","SF","Jrue Holiday",28,35.9,67
"2019-20","New Orleans Pelicans","SF","Jrue Holiday",29,34.7,61
"2020-21","Milwaukee Bucks","PG","Jrue Holiday",30,32.3,59
"2021-22","Milwaukee Bucks","PG","Jrue Holiday",31,33,67
"2022-23","Milwaukee Bucks","PG","Jrue Holiday",32,32.6,67
"2015-16","Los Angeles Lakers","PF","Julius Randle",21,28.2,81
"2016-17","Los Angeles Lakers","PF","Julius Randle",22,28.8,74
"2018-19","New Orleans Pelicans","PF","Julius Randle",24,30.6,73
"2019-20","New York Knicks","C","Julius Randle",25,32.5,64
"2020-21","New York Knicks","PF","Julius Randle",26,37.6,71
"2021-22","New York Knicks","PF","Julius Randle",27,35.3,72
"2022-23","New York Knicks","PF","Julius Randle",28,35.5,77
"2016-17","Philadelphia 76ers","SF","Justin Anderson",23,16.4,75
"2016-17","Brooklyn Nets","C","Justin Hamilton",26,18.4,64
"2017-18","Chicago Bulls","SG","Justin Holiday",28,31.5,72
"2018-19","Memphis Grizzlies","SG","Justin Holiday",29,31.8,82
"2020-21","Indiana Pacers","SF","Justin Holiday",31,30.3,72
"2021-22","Sacramento Kings","SG","Justin Holiday",32,27.8,74
"2017-18","Sacramento Kings","SF","Justin Jackson",22,22.1,68
"2018-19","Miami Heat","PG","Justise Winslow",22,29.7,66
"2014-15","Denver Nuggets","C","Jusuf Nurkić",20,17.8,62
"2018-19","Portland Trail Blazers","C","Jusuf Nurkić",24,27.4,72
"2021-22","Portland Trail Blazers","C","Jusuf Nurkić",27,28.2,56
"2022-23","Portland Trail Blazers","C","Jusuf Nurkić",28,26.8,52
"2015-16","Minnesota Timberwolves","C","Karl-Anthony Towns",20,32,82
"2016-17","Minnesota Timberwolves","C","Karl-Anthony Towns",21,37,82
"2017-18","Minnesota Timberwolves","C","Karl-Anthony Towns",22,35.6,82
"2018-19","Minnesota Timberwolves","C","Karl-Anthony Towns",23,33.1,77
"2019-20","Minnesota Timberwolves","C","Karl-Anthony Towns",24,33.9,35
"2020-21","Minnesota Timberwolves","C","Karl-Anthony Towns",25,33.8,50
"2021-22","Minnesota Timberwolves","C","Karl-Anthony Towns",26,33.5,74
"2022-23","Minnesota Timberwolves","PF","Karl-Anthony Towns",27,33,29
"2013-14","San Antonio Spurs","SF","Kawhi Leonard",22,29.1,66
"2014-15","San Antonio Spurs","SF","Kawhi Leonard",23,31.8,64
"2015-16","San Antonio Spurs","SF","Kawhi Leonard",24,33.1,72
"2018-19","Toronto Raptors","SF","Kawhi Leonard",27,34,60
"2019-20","Los Angeles Clippers","SF","Kawhi Leonard",28,32.4,57
"2020-21","Los Angeles Clippers","PF","Kawhi Leonard",29,34.1,52
"2022-23","Sacramento Kings","PF","Keegan Murray",22,29.8,80
"2022-23","San Antonio Spurs","C","Keita Bates-Diop",27,21.7,67
"2020-21","San Antonio Spurs","SF","Keldon Johnson",21,28.5,69
"2021-22","San Antonio Spurs","SG","Keldon Johnson",22,31.9,75
"2022-23","San Antonio Spurs","SF","Keldon Johnson",23,32.7,63
"2018-19","Miami Heat","PF","Kelly Olynyk",27,22.9,79
"2020-21","Houston Rockets","PF","Kelly Olynyk",29,28.5,70
"2022-23","Utah Jazz","PF","Kelly Olynyk",31,28.6,68
"2022-23","Charlotte Hornets","SF","Kelly Oubre Jr.",27,32.3,48
"2020-21","Golden State Warriors","SF","Kelly Oubre Jr.",25,30.7,55
"2013-14","Charlotte Hornets","PG","Kemba Walker",23,35.8,73
"2014-15","Charlotte Hornets","PG","Kemba Walker",24,34.2,62
"2015-16","Charlotte Hornets","PG","Kemba Walker",25,35.6,81
"2016-17","Charlotte Hornets","PG","Kemba Walker",26,34.7,79
"2017-18","Charlotte Hornets","PG","Kemba Walker",27,34.2,80
"2018-19","Charlotte Hornets","PG","Kemba Walker",28,34.9,82
"2019-20","Boston Celtics","PG","Kemba Walker",29,31.1,56
"2020-21","Boston Celtics","PG","Kemba Walker",30,31.8,43
"2013-14","Los Angeles Lakers","PG","Kendall Marshall",22,29,54
"2019-20","Miami Heat","PG","Kendrick Nunn",24,29.3,67
"2020-21","Miami Heat","PG","Kendrick Nunn",25,29.5,56
"2013-14","Oklahoma City Thunder","C","Kendrick Perkins",29,19.5,62
"2013-14","Denver Nuggets","PF","Kenneth Faried",24,27.2,80
"2014-15","Denver Nuggets","PF","Kenneth Faried",25,27.8,75
"2015-16","Denver Nuggets","PF","Kenneth Faried",26,25.3,67
"2015-16","Atlanta Hawks","SF","Kent Bazemore",26,27.8,75
"2017-18","Atlanta Hawks","SG","Kent Bazemore",28,27.5,65
"2013-14","Detroit Pistons","SG","Kentavious Caldwell-Pope",20,19.8,80
"2014-15","Detroit Pistons","SG","Kentavious Caldwell-Pope",21,31.5,82
"2015-16","Detroit Pistons","SG","Kentavious Caldwell-Pope",22,36.7,76
"2016-17","Detroit Pistons","SG","Kentavious Caldwell-Pope",23,33.3,76
"2019-20","Los Angeles Lakers","SF","Kentavious Caldwell-Pope",26,25.5,69
"2020-21","Los Angeles Lakers","SG","Kentavious Caldwell-Pope",27,28.4,67
"2021-22","Washington Wizards","SG","Kentavious Caldwell-Pope",28,30.2,77
"2022-23","Denver Nuggets","SG","Kentavious Caldwell-Pope",29,31.3,76
"2022-23","Houston Rockets","SF","KJ Martin",22,28,82
"2013-14","Oklahoma City Thunder","SF","Kevin Durant",25,38.5,81
"2014-15","Oklahoma City Thunder","SF","Kevin Durant",26,33.8,27
"2015-16","Oklahoma City Thunder","SF","Kevin Durant",27,35.8,72
"2016-17","Golden State Warriors","SF","Kevin Durant",28,33.4,62
"2018-19","Golden State Warriors","SF","Kevin Durant",30,34.6,78
"2021-22","Brooklyn Nets","PF","Kevin Durant",33,37.2,55
"2022-23","Phoenix Suns","PF","Kevin Durant",34,35.6,47
"2013-14","Brooklyn Nets","C","Kevin Garnett",37,20.5,54
"2018-19","Atlanta Hawks","SG","Kevin Huerter",20,27.3,75
"2019-20","Atlanta Hawks","SG","Kevin Huerter",21,31.4,56
"2020-21","Atlanta Hawks","SF","Kevin Huerter",22,30.8,69
"2021-22","Atlanta Hawks","SG","Kevin Huerter",23,29.6,74
"2022-23","Sacramento Kings","SG","Kevin Huerter",24,29.4,75
"2018-19","New York Knicks","PF","Kevin Knox II",19,28.8,75
"2013-14","Minnesota Timberwolves","PF","Kevin Love",25,36.3,77
"2015-16","Cleveland Cavaliers","PF","Kevin Love",27,31.5,77
"2016-17","Cleveland Cavaliers","PF","Kevin Love",28,31.4,60
"2017-18","Cleveland Cavaliers","C","Kevin Love",29,28,59
"2019-20","Cleveland Cavaliers","PF","Kevin Love",31,31.8,56
"2022-23","Miami Heat","PF","Kevin Love",34,20,62
"2013-14","Minnesota Timberwolves","SG","Kevin Martin",30,32,68
"2014-15","Minnesota Timberwolves","SG","Kevin Martin",31,33.4,39
"2020-21","Houston Rockets","PG","Kevin Porter Jr.",20,32.1,26
"2021-22","Houston Rockets","PG","Kevin Porter Jr.",21,31.3,61
"2022-23","Houston Rockets","PG","Kevin Porter Jr.",22,34.3,59
"2020-21","Golden State Warriors","C","Kevon Looney",24,19,61
"2021-22","Toronto Raptors","C","Khem Birch",29,18,55
"2013-14","Milwaukee Bucks","SF","Khris Middleton",22,30,82
"2014-15","Milwaukee Bucks","SG","Khris Middleton",23,30.1,79
"2015-16","Milwaukee Bucks","SG","Khris Middleton",24,36.1,79
"2016-17","Milwaukee Bucks","SF","Khris Middleton",25,30.7,29
"2017-18","Milwaukee Bucks","SF","Khris Middleton",26,36.4,82
"2018-19","Milwaukee Bucks","SF","Khris Middleton",27,31.1,77
"2019-20","Milwaukee Bucks","SF","Khris Middleton",28,29.9,62
"2020-21","Milwaukee Bucks","SF","Khris Middleton",29,33.4,68
"2022-23","Milwaukee Bucks","SF","Khris Middleton",31,24.3,33
"2021-22","Detroit Pistons","PG","Killian Hayes",20,25,66
"2022-23","Detroit Pistons","PG","Killian Hayes",21,28.3,76
"2013-14","Chicago Bulls","PG","Kirk Hinrich",33,29,73
"2013-14","Golden State Warriors","SG","Klay Thompson",23,35.4,81
"2014-15","Golden State Warriors","SG","Klay Thompson",24,31.9,77
"2015-16","Golden State Warriors","SG","Klay Thompson",25,33.3,80
"2016-17","Golden State Warriors","SG","Klay Thompson",26,34,78
"2017-18","Golden State Warriors","SF","Klay Thompson",27,34.3,73
"2018-19","Golden State Warriors","SG","Klay Thompson",28,34,78
"2021-22","Golden State Warriors","SG","Klay Thompson",31,29.4,32
"2022-23","Golden State Warriors","SF","Klay Thompson",32,33,69
"2014-15","Los Angeles Lakers","SF","Kobe Bryant",36,34.5,35
"2015-16","Los Angeles Lakers","SF","Kobe Bryant",37,28.2,66
"2017-18","Chicago Bulls","PG","Kris Dunn",23,29.3,52
"2018-19","Chicago Bulls","PG","Kris Dunn",24,30.2,46
"2019-20","Chicago Bulls","SF","Kris Dunn",25,24.9,51
"2015-16","New York Knicks","PF","Kristaps Porziņģis",20,28.4,72
"2017-18","New York Knicks","PF","Kristaps Porziņģis",22,32.4,48
"2019-20","Dallas Mavericks","C","Kristaps Porziņģis",24,31.8,57
"2020-21","Dallas Mavericks","C","Kristaps Porziņģis",25,30.9,43
"2021-22","Washington Wizards","PF","Kristaps Porziņģis",26,29,51
"2018-19","Memphis Grizzlies","SF","Kyle Anderson",25,29.8,43
"2019-20","Memphis Grizzlies","PF","Kyle Anderson",26,19.9,67
"2020-21","Memphis Grizzlies","PF","Kyle Anderson",27,27.3,69
"2013-14","Atlanta Hawks","SG","Kyle Korver",32,33.9,71
"2014-15","Atlanta Hawks","SG","Kyle Korver",33,32.2,75
"2015-16","Atlanta Hawks","SG","Kyle Korver",34,30,80
"2017-18","Cleveland Cavaliers","SG","Kyle Korver",36,21.6,73
"2017-18","Los Angeles Lakers","C","Kyle Kuzma",22,31.2,77
"2018-19","Los Angeles Lakers","PF","Kyle Kuzma",23,33.1,70
"2021-22","Washington Wizards","SF","Kyle Kuzma",26,33.4,66
"2022-23","Washington Wizards","PF","Kyle Kuzma",27,35,64
"2013-14","Toronto Raptors","PG","Kyle Lowry",27,36.2,79
"2014-15","Toronto Raptors","PG","Kyle Lowry",28,34.5,70
"2015-16","Toronto Raptors","PG","Kyle Lowry",29,37,77
"2016-17","Toronto Raptors","PG","Kyle Lowry",30,37.4,60
"2017-18","Toronto Raptors","PG","Kyle Lowry",31,32.2,78
"2018-19","Toronto Raptors","PG","Kyle Lowry",32,34,65
"2019-20","Toronto Raptors","SG","Kyle Lowry",33,36.2,58
"2020-21","Toronto Raptors","PG","Kyle Lowry",34,34.8,46
"2021-22","Miami Heat","PG","Kyle Lowry",35,33.9,63
"2013-14","Cleveland Cavaliers","PG","Kyrie Irving",21,35.2,71
"2014-15","Cleveland Cavaliers","PG","Kyrie Irving",22,36.4,75
"2015-16","Cleveland Cavaliers","PG","Kyrie Irving",23,31.5,53
"2016-17","Cleveland Cavaliers","PG","Kyrie Irving",24,35.1,72
"2017-18","Boston Celtics","PG","Kyrie Irving",25,32.2,60
"2018-19","Boston Celtics","PG","Kyrie Irving",26,33,67
"2020-21","Brooklyn Nets","PG","Kyrie Irving",28,34.9,54
"2021-22","Brooklyn Nets","PG","Kyrie Irving",29,37.6,29
"2022-23","Dallas Mavericks","SG","Kyrie Irving",30,37.4,60
"2013-14","Portland Trail Blazers","PF","LaMarcus Aldridge",28,36.2,69
"2014-15","Portland Trail Blazers","PF","LaMarcus Aldridge",29,35.4,71
"2015-16","San Antonio Spurs","C","LaMarcus Aldridge",30,30.6,74
"2016-17","San Antonio Spurs","PF","LaMarcus Aldridge",31,32.4,72
"2017-18","San Antonio Spurs","PF","LaMarcus Aldridge",32,33.5,75
"2018-19","San Antonio Spurs","C","LaMarcus Aldridge",33,33.2,81
"2019-20","San Antonio Spurs","PF","LaMarcus Aldridge",34,33.1,53
"2021-22","Charlotte Hornets","PG","LaMelo Ball",20,32.3,75
"2022-23","Charlotte Hornets","PG","LaMelo Ball",21,35.2,36
"2013-14","Indiana Pacers","SG","Lance Stephenson",23,35.3,78
"2017-18","New York Knicks","SF","Lance Thomas",29,18.5,73
"2018-19","Los Angeles Clippers","SF","Landry Shamet",21,22.8,79
"2014-15","New York Knicks","SG","Langston Galloway",23,32.4,45
"2016-17","Sacramento Kings","SG","Langston Galloway",25,20.2,74
"2016-17","Los Angeles Lakers","C","Larry Nance Jr.",24,22.9,63
"2018-19","Cleveland Cavaliers","C","Larry Nance Jr.",26,26.8,67
"2020-21","Cleveland Cavaliers","PF","Larry Nance Jr.",28,31.2,35
"2013-14","Milwaukee Bucks","C","Larry Sanders",25,25.4,23
"2017-18","Chicago Bulls","PF","Lauri Markkanen",20,29.7,68
"2018-19","Chicago Bulls","SF","Lauri Markkanen",21,32.3,52
"2019-20","Chicago Bulls","PF","Lauri Markkanen",22,29.8,50
"2021-22","Cleveland Cavaliers","SF","Lauri Markkanen",24,30.8,61
"2022-23","Utah Jazz","SF","Lauri Markkanen",25,34.4,66
"2013-14","Miami Heat","SF","LeBron James",29,37.7,77
"2014-15","Cleveland Cavaliers","SF","LeBron James",30,36.1,69
"2015-16","Cleveland Cavaliers","SF","LeBron James",31,35.6,76
"2016-17","Cleveland Cavaliers","SF","LeBron James",32,37.8,74
"2018-19","Los Angeles Lakers","SF","LeBron James",34,35.2,55
"2019-20","Los Angeles Lakers","PG","LeBron James",35,34.6,67
"2020-21","Los Angeles Lakers","SF","LeBron James",36,33.4,45
"2021-22","Los Angeles Lakers","PF","LeBron James",37,37.2,56
"2022-23","Los Angeles Lakers","PF","LeBron James",38,35.5,55
"2020-21","San Antonio Spurs","SG","Lonnie Walker IV",22,25.4,60
"2017-18","Los Angeles Lakers","SG","Lonzo Ball",20,34.2,52
"2018-19","Los Angeles Lakers","PG","Lonzo Ball",21,30.3,47
"2019-20","New Orleans Pelicans","PG","Lonzo Ball",22,32.1,63
"2020-21","New Orleans Pelicans","PG","Lonzo Ball",23,31.8,55
"2017-18","Los Angeles Clippers","SG","Lou Williams",31,32.8,79
"2014-15","Philadelphia 76ers","SF","Luc Mbah a Moute",28,28.6,67
"2015-16","Los Angeles Clippers","SF","Luc Mbah a Moute",29,17,75
"2016-17","Los Angeles Clippers","SF","Luc Mbah a Moute",30,22.3,80
"2020-21","Oklahoma City Thunder","SF","Luguentz Dort",21,29.7,52
"2021-22","Oklahoma City Thunder","SG","Luguentz Dort",22,32.6,51
"2022-23","Oklahoma City Thunder","SF","Luguentz Dort",23,30.7,74
"2018-19","Dallas Mavericks","PG","Luka Dončić",19,32.2,72
"2019-20","Dallas Mavericks","PG","Luka Dončić",20,33.6,61
"2020-21","Dallas Mavericks","PG","Luka Dončić",21,34.3,66
"2021-22","Dallas Mavericks","PG","Luka Dončić",22,35.4,65
"2022-23","Dallas Mavericks","PG","Luka Dončić",23,36.2,66
"2019-20","Detroit Pistons","SG","Luke Kennard",23,32.9,28
"2014-15","Miami Heat","SF","Luol Deng",29,33.6,72
"2015-16","Miami Heat","PF","Luol Deng",30,32.4,74
"2016-17","Milwaukee Bucks","PG","Malcolm Brogdon",24,26.4,75
"2017-18","Milwaukee Bucks","PG","Malcolm Brogdon",25,29.9,48
"2018-19","Milwaukee Bucks","SG","Malcolm Brogdon",26,28.6,64
"2019-20","Indiana Pacers","PG","Malcolm Brogdon",27,30.9,54
"2020-21","Indiana Pacers","PG","Malcolm Brogdon",28,34.5,56
"2021-22","Indiana Pacers","PG","Malcolm Brogdon",29,33.5,36
"2019-20","Minnesota Timberwolves","SG","Malik Beasley",23,22,55
"2020-21","Minnesota Timberwolves","SG","Malik Beasley",24,32.8,37
"2021-22","Los Angeles Lakers","SF","Malik Monk",23,28.1,76
"2013-14","Memphis Grizzlies","C","Marc Gasol",29,33.4,59
"2014-15","Memphis Grizzlies","C","Marc Gasol",30,33.2,81
"2016-17","Memphis Grizzlies","C","Marc Gasol",32,34.2,74
"2017-18","Memphis Grizzlies","C","Marc Gasol",33,33,73
"2019-20","Toronto Raptors","C","Marc Gasol",35,26.4,44
"2020-21","Los Angeles Lakers","C","Marc Gasol",36,19.1,52
"2013-14","Washington Wizards","C","Marcin Gortat",29,32.8,81
"2014-15","Washington Wizards","C","Marcin Gortat",30,29.9,82
"2015-16","Washington Wizards","C","Marcin Gortat",31,30.1,75
"2016-17","Washington Wizards","C","Marcin Gortat",32,31.2,82
"2017-18","Washington Wizards","C","Marcin Gortat",33,25.3,82
"2014-15","Phoenix Suns","SF","Marcus Morris Sr.",25,25.2,81
"2015-16","Detroit Pistons","SF","Marcus Morris Sr.",26,35.7,80
"2016-17","Detroit Pistons","SF","Marcus Morris Sr.",27,32.5,79
"2017-18","Boston Celtics","C","Marcus Morris Sr.",28,26.7,54
"2018-19","Boston Celtics","PF","Marcus Morris Sr.",29,27.9,75
"2019-20","Los Angeles Clippers","PF","Marcus Morris Sr.",30,31.2,62
"2021-22","Los Angeles Clippers","PF","Marcus Morris Sr.",32,29,54
"2014-15","Boston Celtics","PG","Marcus Smart",20,27,67
"2016-17","Boston Celtics","PG","Marcus Smart",22,30.4,79
"2018-19","Boston Celtics","SG","Marcus Smart",24,27.5,80
"2020-21","Boston Celtics","SG","Marcus Smart",26,32.9,48
"2021-22","Boston Celtics","PG","Marcus Smart",27,32.3,71
"2013-14","Miami Heat","PG","Mario Chalmers",27,29.8,73
"2014-15","Miami Heat","PG","Mario Chalmers",28,29.6,80
"2018-19","New York Knicks","SF","Mario Hezonja",23,20.8,58
"2019-20","Orlando Magic","PG","Markelle Fultz",21,27.7,72
"2022-23","Orlando Magic","PG","Markelle Fultz",24,29.6,60
"2014-15","Phoenix Suns","PF","Markieff Morris",25,31.5,82
"2016-17","Washington Wizards","PF","Markieff Morris",27,31.2,76
"2016-17","Phoenix Suns","PF","Marquese Chriss",19,21.3,82
"2017-18","Phoenix Suns","SF","Marquese Chriss",20,21.2,72
"2019-20","Golden State Warriors","C","Marquese Chriss",22,20.3,59
"2016-17","Los Angeles Clippers","PF","Marreese Speights",29,15.7,82
"2020-21","Sacramento Kings","PF","Marvin Bagley III",21,25.9,43
"2013-14","Utah Jazz","PF","Marvin Williams",27,25.4,66
"2015-16","Charlotte Hornets","SF","Marvin Williams",29,28.9,81
"2016-17","Charlotte Hornets","PF","Marvin Williams",30,30.2,76
"2017-18","Charlotte Hornets","PF","Marvin Williams",31,25.7,78
"2018-19","Charlotte Hornets","PF","Marvin Williams",32,28.4,75
"2015-16","Portland Trail Blazers","C","Mason Plumlee",25,25.4,82
"2017-18","Denver Nuggets","C","Mason Plumlee",27,19.4,74
"2020-21","Detroit Pistons","C","Mason Plumlee",30,26.8,56
"2021-22","Charlotte Hornets","C","Mason Plumlee",31,24.6,73
"2013-14","Los Angeles Clippers","SF","Matt Barnes",33,27.5,63
"2014-15","Los Angeles Clippers","SF","Matt Barnes",34,29.9,76
"2015-16","Memphis Grizzlies","PF","Matt Barnes",35,28.8,76
"2013-14","Orlando Magic","PF","Maurice Harkless",20,24.4,80
"2016-17","Portland Trail Blazers","PF","Maurice Harkless",23,28.9,77
"2017-18","Portland Trail Blazers","PF","Maurice Harkless",24,21.4,59
"2018-19","Portland Trail Blazers","SF","Maurice Harkless",25,23.6,60
"2019-20","New York Knicks","PF","Maurice Harkless",26,23,62
"2016-17","New York Knicks","PF","Maurice Ndour",24,10.3,32
"2021-22","Miami Heat","SG","Max Strus",25,23.3,68
"2022-23","Miami Heat","SG","Max Strus",26,28.4,80
"2017-18","Dallas Mavericks","PF","Maxi Kleber",26,16.8,72
"2020-21","Dallas Mavericks","PF","Maxi Kleber",29,26.8,50
"2013-14","Philadelphia 76ers","PG","Michael Carter-Williams",22,34.5,70
"2014-15","Milwaukee Bucks","PG","Michael Carter-Williams",23,32.6,66
"2015-16","Milwaukee Bucks","PG","Michael Carter-Williams",24,30.5,54
"2013-14","Charlotte Hornets","SF","Michael Kidd-Gilchrist",20,24.2,62
"2014-15","Charlotte Hornets","SF","Michael Kidd-Gilchrist",21,28.9,55
"2016-17","Charlotte Hornets","SF","Michael Kidd-Gilchrist",23,29,81
"2017-18","Charlotte Hornets","SF","Michael Kidd-Gilchrist",24,25,74
"2020-21","Denver Nuggets","SF","Michael Porter Jr.",22,31.3,61
"2022-23","Denver Nuggets","SF","Michael Porter Jr.",24,29,62
"2018-19","Phoenix Suns","SF","Mikal Bridges",22,29.5,82
"2019-20","Phoenix Suns","SF","Mikal Bridges",23,28,73
"2020-21","Phoenix Suns","SF","Mikal Bridges",24,32.6,72
"2021-22","Phoenix Suns","SF","Mikal Bridges",25,34.8,82
"2022-23","Brooklyn Nets","SG","Mikal Bridges",26,35.7,83
"2013-14","Memphis Grizzlies","PG","Mike Conley",26,33.5,73
"2014-15","Memphis Grizzlies","PG","Mike Conley",27,31.8,70
"2016-17","Memphis Grizzlies","PG","Mike Conley",29,33.2,69
"2018-19","Memphis Grizzlies","PG","Mike Conley",31,33.5,70
"2020-21","Utah Jazz","PG","Mike Conley",33,29.4,51
"2021-22","Utah Jazz","PG","Mike Conley",34,28.6,72
"2022-23","Minnesota Timberwolves","PG","Mike Conley",35,30.3,67
"2013-14","Chicago Bulls","SF","Mike Dunleavy",33,31.5,82
"2014-15","Chicago Bulls","SF","Mike Dunleavy",34,29.2,63
"2019-20","Charlotte Hornets","SF","Miles Bridges",21,30.7,65
"2021-22","Charlotte Hornets","PF","Miles Bridges",23,35.5,80
"2013-14","Phoenix Suns","C","Miles Plumlee",25,24.6,80
"2017-18","Atlanta Hawks","PF","Miles Plumlee",29,16.7,55
"2017-18","Los Angeles Clippers","PG","Milos Teodosic",30,25.2,45
"2021-22","New York Knicks","C","Mitchell Robinson",23,25.7,72
"2022-23","New York Knicks","C","Mitchell Robinson",24,27,59
"2015-16","Portland Trail Blazers","PF","Maurice Harkless",22,18.7,78
"2021-22","Orlando Magic","C","Mo Bamba",23,25.7,71
"2013-14","Dallas Mavericks","SG","Monta Ellis",28,36.9,82
"2014-15","Dallas Mavericks","SG","Monta Ellis",29,33.7,80
"2015-16","Indiana Pacers","SG","Monta Ellis",30,33.8,81
"2016-17","Indiana Pacers","SG","Monta Ellis",31,27,74
"2021-22","Denver Nuggets","PG","Monté Morris",26,29.9,75
"2022-23","Washington Wizards","PG","Monté Morris",27,27.3,62
"2015-16","Indiana Pacers","PF","Myles Turner",19,22.8,60
"2016-17","Indiana Pacers","C","Myles Turner",20,31.4,81
"2017-18","Indiana Pacers","C","Myles Turner",21,28.2,65
"2018-19","Indiana Pacers","C","Myles Turner",22,28.6,74
"2019-20","Indiana Pacers","C","Myles Turner",23,29.5,62
"2020-21","Indiana Pacers","C","Myles Turner",24,31,47
"2021-22","Indiana Pacers","C","Myles Turner",25,29.4,42
"2022-23","Indiana Pacers","C","Myles Turner",26,29.4,62
"2018-19","Sacramento Kings","PF","Nemanja Bjelica",30,23.2,77
"2019-20","Sacramento Kings","PF","Nemanja Bjelica",31,27.9,72
"2013-14","Washington Wizards","PF","Nene",31,29.4,53
"2014-15","Washington Wizards","PF","Nene",32,25.3,67
"2017-18","Houston Rockets","C","Nene",35,14.6,52
"2014-15","Philadelphia 76ers","C","Nerlens Noel",20,30.8,75
"2015-16","Philadelphia 76ers","SF","Nerlens Noel",21,29.3,67
"2016-17","Dallas Mavericks","C","Nerlens Noel",22,20.5,51
"2020-21","New York Knicks","C","Nerlens Noel",26,24.2,64
"2022-23","Minnesota Timberwolves","SF","Nickeil Alexander-Walker",24,15,59
"2013-14","Portland Trail Blazers","SF","Nicolas Batum",25,36,82
"2014-15","Portland Trail Blazers","SF","Nicolas Batum",26,33.5,71
"2016-17","Charlotte Hornets","SG","Nicolas Batum",28,34,77
"2017-18","Charlotte Hornets","SG","Nicolas Batum",29,31,64
"2018-19","Charlotte Hornets","SF","Nicolas Batum",30,31.4,75
"2020-21","Los Angeles Clippers","SF","Nicolas Batum",32,27.4,67
"2021-22","Los Angeles Clippers","SG","Nicolas Batum",33,24.8,59
"2022-23","Los Angeles Clippers","PF","Nicolas Batum",34,21.9,78
"2022-23","Brooklyn Nets","C","Nic Claxton",23,29.9,76
"2015-16","Denver Nuggets","C","Nikola Jokić",20,21.7,80
"2016-17","Denver Nuggets","C","Nikola Jokić",21,27.9,73
"2018-19","Denver Nuggets","C","Nikola Jokić",23,31.3,80
"2019-20","Denver Nuggets","C","Nikola Jokić",24,32,73
"2020-21","Denver Nuggets","C","Nikola Jokić",25,34.6,72
"2021-22","Denver Nuggets","C","Nikola Jokić",26,33.5,74
"2022-23","Denver Nuggets","C","Nikola Jokić",27,33.7,69
"2015-16","Chicago Bulls","SF","Nikola Mirotic",24,24.9,66
"2016-17","Chicago Bulls","PF","Nikola Mirotic",25,24,70
"2013-14","Minnesota Timberwolves","C","Nikola Pekovic",28,30.8,54
"2014-15","Minnesota Timberwolves","C","Nikola Pekovic",29,26.3,31
"2013-14","Orlando Magic","C","Nikola Vučević",23,31.8,57
"2014-15","Orlando Magic","C","Nikola Vučević",24,34.2,74
"2015-16","Orlando Magic","C","Nikola Vučević",25,31.3,65
"2016-17","Orlando Magic","C","Nikola Vučević",26,28.8,75
"2017-18","Orlando Magic","C","Nikola Vučević",27,29.5,57
"2018-19","Orlando Magic","C","Nikola Vučević",28,31.4,80
"2019-20","Orlando Magic","C","Nikola Vučević",29,32.2,62
"2020-21","Chicago Bulls","C","Nikola Vučević",30,33.5,70
"2021-22","Chicago Bulls","C","Nikola Vučević",31,33.1,73
"2022-23","Chicago Bulls","C","Nikola Vučević",32,33.5,82
"2016-17","Portland Trail Blazers","C","Noah Vonleh",21,17.1,74
"2018-19","New York Knicks","C","Noah Vonleh",23,25.3,68
"2016-17","Toronto Raptors","SF","Norman Powell",23,18,76
"2020-21","Portland Trail Blazers","SF","Norman Powell",27,32,69
"2021-22","Portland Trail Blazers","SF","Norman Powell",28,32.4,45
"2022-23","Los Angeles Clippers","SF","Norman Powell",29,26.1,60
"2013-14","Milwaukee Bucks","SG","O.J. Mayo",26,25.9,52
"2017-18","Toronto Raptors","SF","OG Anunoby",20,20,74
"2019-20","Toronto Raptors","SF","OG Anunoby",22,29.9,69
"2020-21","Toronto Raptors","PF","OG Anunoby",23,33.3,43
"2021-22","Toronto Raptors","SF","OG Anunoby",24,36,48
"2022-23","Toronto Raptors","SF","OG Anunoby",25,35.6,67
"2022-23","Utah Jazz","SG","Ochai Agbaji",22,20.5,59
"2013-14","Houston Rockets","C","Omer Asik",27,20.2,48
"2014-15","New Orleans Pelicans","C","Omer Asik",28,26.1,76
"2015-16","New Orleans Pelicans","C","Omer Asik",29,17.3,68
"2015-16","Washington Wizards","PF","Otto Porter Jr.",22,30.3,75
"2016-17","Washington Wizards","SF","Otto Porter Jr.",23,32.6,80
"2017-18","Washington Wizards","PF","Otto Porter Jr.",24,31.6,77
"2021-22","Golden State Warriors","PF","Otto Porter Jr.",28,22.2,63
"2013-14","Phoenix Suns","SF","P.J. Tucker",28,30.7,81
"2014-15","Phoenix Suns","SG","P.J. Tucker",29,30.6,78
"2015-16","Phoenix Suns","SF","P.J. Tucker",30,31,82
"2017-18","Houston Rockets","SF","P.J. Tucker",32,27.8,82
"2018-19","Houston Rockets","PF","P.J. Tucker",33,34.2,82
"2019-20","Houston Rockets","PF","P.J. Tucker",34,34.3,72
"2021-22","Miami Heat","PF","P.J. Tucker",36,27.9,71
"2022-23","Philadelphia 76ers","PF","P.J. Tucker",37,25.6,75
"2019-20","Charlotte Hornets","PF","P.J. Washington",21,30.3,58
"2020-21","Charlotte Hornets","PF","P.J. Washington",22,30.5,64
"2022-23","Charlotte Hornets","C","P.J. Washington",24,32.6,73
"2022-23","Orlando Magic","PF","Paolo Banchero",20,33.8,72
"2018-19","Toronto Raptors","PF","Pascal Siakam",24,31.9,80
"2019-20","Toronto Raptors","PF","Pascal Siakam",25,35.2,60
"2020-21","Toronto Raptors","C","Pascal Siakam",26,35.8,56
"2021-22","Toronto Raptors","PF","Pascal Siakam",27,37.9,68
"2022-23","Toronto Raptors","PF","Pascal Siakam",28,37.4,71
"2014-15","Houston Rockets","PG","Patrick Beverley",26,30.8,56
"2016-17","Houston Rockets","PG","Patrick Beverley",28,30.7,67
"2018-19","Los Angeles Clippers","PG","Patrick Beverley",30,27.4,78
"2019-20","Los Angeles Clippers","PG","Patrick Beverley",31,26.3,51
"2021-22","Minnesota Timberwolves","PG","Patrick Beverley",33,25.4,58
"2022-23","Chicago Bulls","PG","Patrick Beverley",34,27.1,67
"2020-21","Chicago Bulls","SF","Patrick Williams",19,27.9,71
"2021-22","Chicago Bulls","PF","Patrick Williams",20,24.8,17
"2022-23","Chicago Bulls","PF","Patrick Williams",21,28.3,82
"2016-17","San Antonio Spurs","PG","Patty Mills",28,21.9,80
"2017-18","San Antonio Spurs","PG","Patty Mills",29,25.7,82
"2013-14","Los Angeles Lakers","C","Pau Gasol",33,31.4,60
"2014-15","Chicago Bulls","PF","Pau Gasol",34,34.4,78
"2015-16","Chicago Bulls","C","Pau Gasol",35,31.8,72
"2016-17","San Antonio Spurs","C","Pau Gasol",36,25.4,64
"2017-18","San Antonio Spurs","C","Pau Gasol",37,23.5,77
"2013-14","Indiana Pacers","SF","Paul George",23,36.2,80
"2015-16","Indiana Pacers","SF","Paul George",25,34.8,81
"2016-17","Indiana Pacers","SF","Paul George",26,35.9,75
"2017-18","Oklahoma City Thunder","SF","Paul George",27,36.6,79
"2018-19","Oklahoma City Thunder","SF","Paul George",28,36.9,77
"2019-20","Los Angeles Clippers","SG","Paul George",29,29.6,48
"2020-21","Los Angeles Clippers","SG","Paul George",30,33.7,54
"2013-14","Atlanta Hawks","PF","Paul Millsap",28,33.5,74
"2014-15","Atlanta Hawks","PF","Paul Millsap",29,32.7,73
"2015-16","Atlanta Hawks","PF","Paul Millsap",30,32.7,81
"2016-17","Atlanta Hawks","PF","Paul Millsap",31,34,69
"2017-18","Denver Nuggets","PF","Paul Millsap",32,30.1,38
"2018-19","Denver Nuggets","PF","Paul Millsap",33,27.1,70
"2019-20","Denver Nuggets","PF","Paul Millsap",34,24.3,51
"2013-14","Brooklyn Nets","PF","Paul Pierce",36,28,75
"2014-15","Washington Wizards","SF","Paul Pierce",37,26.2,73
"2013-14","Atlanta Hawks","C","Pero Antic",31,18.5,50
"2022-23","New York Knicks","SG","Quentin Grimes",22,29.9,71
"2014-15","New Orleans Pelicans","SF","Quincy Pondexter",26,23.9,75
"2017-18","Golden State Warriors","PG","Quinn Cook",24,22.4,33
"2019-20","New York Knicks","SG","RJ Barrett",19,30.4,56
"2020-21","New York Knicks","SG","RJ Barrett",20,34.9,72
"2021-22","New York Knicks","SF","RJ Barrett",21,34.5,70
"2022-23","New York Knicks","SF","RJ Barrett",22,33.9,73
"2013-14","Boston Celtics","PG","Rajon Rondo",27,33.3,30
"2014-15","Dallas Mavericks","PG","Rajon Rondo",28,29.7,68
"2015-16","Sacramento Kings","PG","Rajon Rondo",29,35.2,72
"2013-14","Denver Nuggets","SG","Randy Foye",30,30.7,81
"2016-17","Brooklyn Nets","SG","Randy Foye",33,18.6,69
"2015-16","Utah Jazz","PG","Raul Neto",23,18.5,81
"2013-14","Sacramento Kings","SG","Ray McCallum",22,19.9,45
"2013-14","New York Knicks","PG","Raymond Felton",29,31,65
"2015-16","Dallas Mavericks","PG","Raymond Felton",31,27.4,80
"2017-18","Detroit Pistons","SF","Reggie Bullock Jr.",26,27.9,62
"2019-20","New York Knicks","SF","Reggie Bullock Jr.",28,23.6,29
"2020-21","New York Knicks","SF","Reggie Bullock Jr.",29,30,65
"2021-22","Dallas Mavericks","SF","Reggie Bullock Jr.",30,28,68
"2022-23","Dallas Mavericks","PF","Reggie Bullock Jr.",31,30.3,78
"2015-16","Detroit Pistons","PG","Reggie Jackson",25,30.7,79
"2017-18","Detroit Pistons","SG","Reggie Jackson",27,26.7,45
"2018-19","Detroit Pistons","PG","Reggie Jackson",28,27.9,82
"2020-21","Los Angeles Clippers","PG","Reggie Jackson",30,23,67
"2021-22","Los Angeles Clippers","PG","Reggie Jackson",31,31.2,75
"2013-14","Utah Jazz","SF","Richard Jefferson",33,27,82
"2016-17","Philadelphia 76ers","C","Richaun Holmes",23,20.9,57
"2019-20","Sacramento Kings","C","Richaun Holmes",26,28.2,44
"2020-21","Sacramento Kings","C","Richaun Holmes",27,29.2,61
"2021-22","Sacramento Kings","C","Richaun Holmes",28,23.9,45
"2013-14","Minnesota Timberwolves","PG","Ricky Rubio",23,32.2,82
"2015-16","Minnesota Timberwolves","PG","Ricky Rubio",25,30.6,76
"2016-17","Minnesota Timberwolves","PG","Ricky Rubio",26,32.9,75
"2017-18","Utah Jazz","PG","Ricky Rubio",27,29.3,77
"2018-19","Utah Jazz","PG","Ricky Rubio",28,27.9,68
"2019-20","Phoenix Suns","PG","Ricky Rubio",29,31,65
"2020-21","Minnesota Timberwolves","PG","Ricky Rubio",30,26.1,68
"2014-15","Philadelphia 76ers","SG","Robert Covington",24,27.9,70
"2015-16","Philadelphia 76ers","PF","Robert Covington",25,28.4,67
"2017-18","Philadelphia 76ers","PF","Robert Covington",27,31.7,80
"2019-20","Houston Rockets","C","Robert Covington",29,30.5,70
"2020-21","Portland Trail Blazers","C","Robert Covington",30,32,70
"2021-22","Los Angeles Clippers","SF","Robert Covington",31,27.3,71
"2021-22","Boston Celtics","C","Robert Williams III",24,29.6,61
"2022-23","Boston Celtics","C","Robert Williams III",25,23.5,35
"2013-14","Portland Trail Blazers","C","Robin Lopez",25,31.7,82
"2014-15","Portland Trail Blazers","C","Robin Lopez",26,27.8,59
"2015-16","New York Knicks","C","Robin Lopez",27,27.1,82
"2016-17","Chicago Bulls","C","Robin Lopez",28,28,81
"2017-18","Chicago Bulls","C","Robin Lopez",29,26.4,64
"2018-19","Chicago Bulls","C","Robin Lopez",30,21.7,74
"2018-19","Brooklyn Nets","PF","Rodions Kurucs",20,20.5,63
"2015-16","Utah Jazz","SG","Rodney Hood",23,32.2,79
"2019-20","Portland Trail Blazers","SF","Rodney Hood",27,29.5,21
"2016-17","Miami Heat","SF","Rodney McGruder",25,25.2,78
"2016-17","New York Knicks","PG","Ron Baker",23,16.5,52
"2016-17","Brooklyn Nets","PF","Rondae Hollis-Jefferson",22,22.6,78
"2017-18","Brooklyn Nets","PF","Rondae Hollis-Jefferson",23,28.2,68
"2013-14","Indiana Pacers","C","Roy Hibbert",27,29.7,81
"2014-15","Indiana Pacers","C","Roy Hibbert",28,25.3,76
"2015-16","Los Angeles Lakers","C","Roy Hibbert",29,23.2,81
"2019-20","Utah Jazz","PF","Royce O'Neale",26,28.9,71
"2020-21","Utah Jazz","PF","Royce O'Neale",27,31.6,71
"2021-22","Utah Jazz","PF","Royce O'Neale",28,31.2,77
"2014-15","Sacramento Kings","SF","Rudy Gay",28,35.4,68
"2015-16","Sacramento Kings","SF","Rudy Gay",29,34,70
"2018-19","San Antonio Spurs","PF","Rudy Gay",32,26.7,69
"2014-15","Utah Jazz","C","Rudy Gobert",22,26.3,82
"2015-16","Utah Jazz","C","Rudy Gobert",23,31.7,61
"2016-17","Utah Jazz","C","Rudy Gobert",24,33.9,81
"2017-18","Utah Jazz","C","Rudy Gobert",25,32.4,56
"2018-19","Utah Jazz","C","Rudy Gobert",26,31.8,81
"2019-20","Utah Jazz","C","Rudy Gobert",27,34.3,68
"2020-21","Utah Jazz","C","Rudy Gobert",28,30.8,71
"2021-22","Utah Jazz","C","Rudy Gobert",29,32.1,66
"2022-23","Minnesota Timberwolves","C","Rudy Gobert",30,30.7,70
"2019-20","Washington Wizards","SF","Rui Hachimura",21,30.1,48
"2020-21","Washington Wizards","PF","Rui Hachimura",22,31.5,57
"2013-14","Oklahoma City Thunder","PG","Russell Westbrook",25,30.7,46
"2014-15","Oklahoma City Thunder","PG","Russell Westbrook",26,34.4,67
"2015-16","Oklahoma City Thunder","PG","Russell Westbrook",27,34.4,80
"2016-17","Oklahoma City Thunder","PG","Russell Westbrook",28,34.6,81
"2017-18","Oklahoma City Thunder","PG","Russell Westbrook",29,36.4,80
"2018-19","Oklahoma City Thunder","PG","Russell Westbrook",30,36,73
"2019-20","Houston Rockets","PG","Russell Westbrook",31,35.9,57
"2020-21","Washington Wizards","PG","Russell Westbrook",32,36.4,65
"2021-22","Los Angeles Lakers","PG","Russell Westbrook",33,34.3,78
"2022-23","Los Angeles Clippers","PG","Russell Westbrook",34,29.1,73
"2016-17","Houston Rockets","PF","Ryan Anderson",28,29.4,72
"2017-18","Houston Rockets","PF","Ryan Anderson",29,26.1,66
"2020-21","Detroit Pistons","SF","Saddiq Bey",21,27.3,70
"2021-22","Detroit Pistons","SF","Saddiq Bey",22,33,82
"2013-14","Dallas Mavericks","C","Samuel Dalembert",32,20.2,80
"2022-23","Toronto Raptors","SG","Scottie Barnes",21,34.8,77
"2019-20","Detroit Pistons","PF","Sekou Doumbouya",19,19.8,38
"2013-14","Oklahoma City Thunder","PF","Serge Ibaka",24,32.9,81
"2014-15","Oklahoma City Thunder","PF","Serge Ibaka",25,33.1,64
"2015-16","Oklahoma City Thunder","PF","Serge Ibaka",26,32.1,78
"2016-17","Toronto Raptors","PF","Serge Ibaka",27,30.7,79
"2017-18","Toronto Raptors","PF","Serge Ibaka",28,27.5,76
"2018-19","Toronto Raptors","C","Serge Ibaka",29,27.2,74
"2020-21","Los Angeles Clippers","C","Serge Ibaka",31,23.3,41
"2020-21","Philadelphia 76ers","SG","Seth Curry",30,28.7,57
"2021-22","Brooklyn Nets","SG","Seth Curry",31,33.4,64
"2018-19","Los Angeles Clippers","SG","Shai Gilgeous-Alexander",20,26.5,82
"2019-20","Oklahoma City Thunder","SG","Shai Gilgeous-Alexander",21,34.7,70
"2020-21","Oklahoma City Thunder","SG","Shai Gilgeous-Alexander",22,33.7,35
"2021-22","Oklahoma City Thunder","PG","Shai Gilgeous-Alexander",23,34.7,56
"2022-23","Oklahoma City Thunder","SG","Shai Gilgeous-Alexander",24,35.5,68
"2013-14","Miami Heat","PF","Shane Battier",35,20.1,73
"2013-14","Brooklyn Nets","SG","Shaun Livingston",28,26,76
"2013-14","Dallas Mavericks","SF","Shawn Marion",35,31.7,76
"2016-17","Utah Jazz","PG","Shelvin Mack",26,21.9,55
"2016-17","Sacramento Kings","PF","Skal Labissiere",20,18.5,33
"2014-15","Indiana Pacers","SF","Solomon Hill",23,29,82
"2016-17","New Orleans Pelicans","SG","Solomon Hill",25,29.7,80
"2017-18","Brooklyn Nets","SG","Spencer Dinwiddie",24,28.8,80
"2019-20","Brooklyn Nets","PG","Spencer Dinwiddie",26,31.2,64
"2022-23","Brooklyn Nets","PG","Spencer Dinwiddie",29,34.5,79
"2017-18","Detroit Pistons","PF","Stanley Johnson",21,27.4,69
"2013-14","Golden State Warriors","PG","Stephen Curry",25,36.5,78
"2014-15","Golden State Warriors","PG","Stephen Curry",26,32.7,80
"2015-16","Golden State Warriors","PG","Stephen Curry",27,34.2,79
"2016-17","Golden State Warriors","PG","Stephen Curry",28,33.4,79
"2017-18","Golden State Warriors","SG","Stephen Curry",29,32,51
"2018-19","Golden State Warriors","PG","Stephen Curry",30,33.8,69
"2020-21","Golden State Warriors","PG","Stephen Curry",32,34.2,63
"2021-22","Golden State Warriors","PG","Stephen Curry",33,34.5,64
"2022-23","Golden State Warriors","PG","Stephen Curry",34,34.7,56
"2014-15","Oklahoma City Thunder","C","Steven Adams",21,25.3,70
"2015-16","Oklahoma City Thunder","C","Steven Adams",22,25.2,80
"2016-17","Oklahoma City Thunder","C","Steven Adams",23,29.9,80
"2017-18","Oklahoma City Thunder","C","Steven Adams",24,32.7,76
"2018-19","Oklahoma City Thunder","C","Steven Adams",25,33.4,80
"2019-20","Oklahoma City Thunder","C","Steven Adams",26,26.7,63
"2020-21","New Orleans Pelicans","C","Steven Adams",27,27.7,58
"2021-22","Memphis Grizzlies","C","Steven Adams",28,26.3,76
"2019-20","Detroit Pistons","C","Svi Mykhailiuk",22,22.6,56
"2016-17","Philadelphia 76ers","PG","T.J. McConnell",24,26.3,81
"2016-17","Phoenix Suns","SF","T.J. Warren",23,31,66
"2017-18","Phoenix Suns","SG","T.J. Warren",24,33,65
"2018-19","Phoenix Suns","PF","T.J. Warren",25,31.6,43
"2019-20","Indiana Pacers","SF","T.J. Warren",26,32.9,67
"2015-16","Chicago Bulls","PF","Taj Gibson",30,26.5,73
"2016-17","Oklahoma City Thunder","PF","Taj Gibson",31,25.5,78
"2017-18","Minnesota Timberwolves","PF","Taj Gibson",32,33.2,82
"2018-19","Minnesota Timberwolves","PF","Taj Gibson",33,24.1,70
"2016-17","Atlanta Hawks","SF","Taurean Prince",22,16.6,59
"2017-18","Atlanta Hawks","SF","Taurean Prince",23,30,82
"2018-19","Atlanta Hawks","SF","Taurean Prince",24,28.2,55
"2019-20","Brooklyn Nets","PF","Taurean Prince",25,29,64
"2015-16","Minnesota Timberwolves","SF","Tayshaun Prince",35,19,77
"2018-19","Oklahoma City Thunder","SG","Terrance Ferguson",20,26.1,74
"2019-20","Oklahoma City Thunder","SF","Terrance Ferguson",21,22.4,56
"2013-14","Houston Rockets","PF","Terrence Jones",22,27.3,76
"2015-16","Houston Rockets","PF","Terrence Jones",24,20.9,50
"2013-14","Toronto Raptors","SF","Terrence Ross",22,26.7,81
"2014-15","Toronto Raptors","SF","Terrence Ross",23,25.5,82
"2016-17","Orlando Magic","SF","Terrence Ross",25,25.1,78
"2019-20","Charlotte Hornets","PG","Terry Rozier",25,34.3,63
"2020-21","Charlotte Hornets","PG","Terry Rozier",26,34.5,69
"2021-22","Charlotte Hornets","SG","Terry Rozier",27,33.7,73
"2022-23","Charlotte Hornets","SG","Terry Rozier",28,35.3,63
"2013-14","Oklahoma City Thunder","SG","Thabo Sefolosha",29,26,61
"2013-14","Philadelphia 76ers","C","Thaddeus Young",25,34.4,79
"2014-15","Brooklyn Nets","PF","Thaddeus Young",26,32,76
"2015-16","Brooklyn Nets","PF","Thaddeus Young",27,33,73
"2016-17","Indiana Pacers","PF","Thaddeus Young",28,30.2,74
"2017-18","Indiana Pacers","PF","Thaddeus Young",29,32.2,81
"2018-19","Indiana Pacers","PF","Thaddeus Young",30,30.7,81
"2020-21","Oklahoma City Thunder","PG","Theo Maledon",19,27.4,65
"2018-19","Washington Wizards","C","Thomas Bryant",21,20.8,72
"2019-20","Washington Wizards","PF","Thomas Bryant",22,24.9,46
"2016-17","Milwaukee Bucks","C","Thon Maker",19,9.9,57
"2013-14","San Antonio Spurs","C","Tiago Splitter",29,21.5,59
"2014-15","San Antonio Spurs","C","Tiago Splitter",30,19.8,52
"2013-14","San Antonio Spurs","PF","Tim Duncan",37,29.2,74
"2014-15","San Antonio Spurs","PF","Tim Duncan",38,28.9,77
"2015-16","San Antonio Spurs","PF","Tim Duncan",39,25.2,61
"2014-15","New York Knicks","SF","Tim Hardaway Jr.",22,24,70
"2016-17","Atlanta Hawks","SG","Tim Hardaway Jr.",24,27.3,79
"2017-18","New York Knicks","SG","Tim Hardaway Jr.",25,33.1,57
"2019-20","Dallas Mavericks","SG","Tim Hardaway Jr.",27,29.5,71
"2022-23","Dallas Mavericks","SF","Tim Hardaway Jr.",30,30.3,71
"2014-15","Cleveland Cavaliers","C","Timofey Mozgov",28,25.2,81
"2016-17","Philadelphia 76ers","SG","Timothe Luwawu-Cabarrot",21,17.2,69
"2014-15","Orlando Magic","SF","Tobias Harris",22,34.8,68
"2015-16","Detroit Pistons","PF","Tobias Harris",23,33.1,76
"2018-19","Philadelphia 76ers","PF","Tobias Harris",26,34.7,82
"2019-20","Philadelphia 76ers","SF","Tobias Harris",27,34.3,72
"2020-21","Philadelphia 76ers","PF","Tobias Harris",28,32.5,62
"2021-22","Philadelphia 76ers","SF","Tobias Harris",29,34.8,73
"2022-23","Philadelphia 76ers","SF","Tobias Harris",30,32.9,74
"2017-18","Washington Wizards","SG","Tomas Satoransky",26,22.5,73
"2018-19","Washington Wizards","PG","Tomas Satoransky",27,27.1,80
"2019-20","Chicago Bulls","PG","Tomas Satoransky",28,28.9,65
"2013-14","Memphis Grizzlies","SF","Tony Allen",32,23.2,55
"2014-15","Memphis Grizzlies","SF","Tony Allen",33,26.2,63
"2015-16","Memphis Grizzlies","SG","Tony Allen",34,25.3,64
"2013-14","San Antonio Spurs","PG","Tony Parker",31,29.4,68
"2014-15","San Antonio Spurs","PG","Tony Parker",32,28.7,68
"2015-16","San Antonio Spurs","PG","Tony Parker",33,27.5,72
"2016-17","Milwaukee Bucks","SG","Tony Snell",25,29.2,80
"2017-18","Milwaukee Bucks","SG","Tony Snell",26,27.4,75
"2019-20","Detroit Pistons","SF","Tony Snell",28,27.8,59
"2013-14","Philadelphia 76ers","SG","Tony Wroten",20,24.5,72
"2018-19","Atlanta Hawks","PG","Trae Young",20,30.9,81
"2019-20","Atlanta Hawks","PG","Trae Young",21,35.3,60
"2020-21","Atlanta Hawks","PG","Trae Young",22,33.7,63
"2021-22","Atlanta Hawks","PG","Trae Young",23,34.9,76
"2022-23","Atlanta Hawks","PG","Trae Young",24,34.8,73
"2022-23","San Antonio Spurs","PG","Tre Jones",23,29.2,68
"2013-14","Washington Wizards","SF","Trevor Ariza",28,35.4,77
"2014-15","Houston Rockets","SF","Trevor Ariza",29,35.7,82
"2015-16","Houston Rockets","SF","Trevor Ariza",30,35.3,81
"2016-17","Houston Rockets","SF","Trevor Ariza",31,34.7,80
"2018-19","Washington Wizards","SF","Trevor Ariza",33,34,69
"2013-14","Utah Jazz","PG","Trey Burke",21,32.3,70
"2014-15","Utah Jazz","PG","Trey Burke",22,30.1,76
"2019-20","San Antonio Spurs","C","Trey Lyles",24,20.2,63
"2022-23","New Orleans Pelicans","PF","Trey Murphy III",22,31,79
"2013-14","Cleveland Cavaliers","PF","Tristan Thompson",22,31.6,82
"2014-15","Cleveland Cavaliers","PF","Tristan Thompson",23,26.8,82
"2015-16","Cleveland Cavaliers","C","Tristan Thompson",24,27.7,82
"2016-17","Cleveland Cavaliers","C","Tristan Thompson",25,29.9,78
"2017-18","Cleveland Cavaliers","PF","Tristan Thompson",26,20.2,53
"2018-19","Cleveland Cavaliers","PF","Tristan Thompson",27,27.9,43
"2020-21","Boston Celtics","C","Tristan Thompson",29,23.8,54
"2013-14","Denver Nuggets","PG","Ty Lawson",26,35.8,62
"2014-15","Denver Nuggets","PG","Ty Lawson",27,35.5,75
"2016-17","Sacramento Kings","PG","Ty Lawson",29,25.1,69
"2016-17","Los Angeles Lakers","PG","Tyler Ennis",22,11.1,53
"2017-18","Miami Heat","SG","Tyler Johnson",25,28.5,72
"2016-17","Phoenix Suns","PG","Tyler Ulis",21,18.4,61
"2014-15","Boston Celtics","C","Tyler Zeller",25,21.1,82
"2014-15","New Orleans Pelicans","PG","Tyreke Evans",25,34.1,79
"2021-22","Indiana Pacers","SF","Tyrese Haliburton",21,35,77
"2022-23","Indiana Pacers","PG","Tyrese Haliburton",22,33.6,56
"2021-22","Philadelphia 76ers","SG","Tyrese Maxey",21,35.3,75
"2022-23","Philadelphia 76ers","SG","Tyrese Maxey",22,33.6,60
"2013-14","New York Knicks","C","Tyson Chandler",31,30.2,55
"2014-15","Dallas Mavericks","C","Tyson Chandler",32,30.5,75
"2015-16","Phoenix Suns","PF","Tyson Chandler",33,24.5,66
"2017-18","Phoenix Suns","C","Tyson Chandler",35,25,46
"2021-22","Memphis Grizzlies","PG","Tyus Jones",25,21.2,73
"2013-14","Orlando Magic","SG","Victor Oladipo",21,31.1,80
"2014-15","Orlando Magic","SG","Victor Oladipo",22,35.7,72
"2015-16","Orlando Magic","SG","Victor Oladipo",23,33,72
"2016-17","Oklahoma City Thunder","SG","Victor Oladipo",24,33.2,67
"2017-18","Indiana Pacers","SG","Victor Oladipo",25,34,75
"2018-19","Indiana Pacers","SG","Victor Oladipo",26,31.9,36
"2020-21","Miami Heat","SG","Victor Oladipo",28,27.8,4
"2015-16","Memphis Grizzlies","SF","Vince Carter",39,16.8,60
"2016-17","Memphis Grizzlies","SG","Vince Carter",40,24.6,73
"2022-23","Utah Jazz","C","Walker Kessler",21,23,74
"2014-15","Los Angeles Lakers","SG","Wayne Ellington",27,25.8,65
"2015-16","Brooklyn Nets","SG","Wayne Ellington",28,21.3,76
"2018-19","Detroit Pistons","SG","Wayne Ellington",31,24.5,53
"2020-21","Detroit Pistons","PG","Wayne Ellington",33,22,46
"2018-19","Chicago Bulls","PF","Wendell Carter Jr.",19,25.2,44
"2019-20","Chicago Bulls","C","Wendell Carter Jr.",20,29.2,43
"2020-21","Orlando Magic","C","Wendell Carter Jr.",21,25.5,54
"2021-22","Orlando Magic","PF","Wendell Carter Jr.",22,29.9,62
"2022-23","Orlando Magic","C","Wendell Carter Jr.",23,29.6,57
"2013-14","Los Angeles Lakers","SF","Wesley Johnson",26,28.4,79
"2014-15","Los Angeles Lakers","PF","Wesley Johnson",27,29.5,76
"2017-18","Los Angeles Clippers","C","Wesley Johnson",30,20.1,74
"2013-14","Portland Trail Blazers","SG","Wesley Matthews",27,33.9,82
"2015-16","Dallas Mavericks","SF","Wesley Matthews",29,33.9,78
"2016-17","Dallas Mavericks","SG","Wesley Matthews",30,34.2,73
"2017-18","Dallas Mavericks","SG","Wesley Matthews",31,33.8,63
"2019-20","Milwaukee Bucks","SG","Wesley Matthews",33,24.4,67
"2021-22","Milwaukee Bucks","SF","Wesley Matthews",35,20.4,49
"2018-19","Denver Nuggets","SF","Will Barton",28,27.7,43
"2019-20","Denver Nuggets","SF","Will Barton",29,33,58
"2020-21","Denver Nuggets","SG","Will Barton",30,31,56
"2021-22","Denver Nuggets","SG","Will Barton",31,32.1,71
"2015-16","Sacramento Kings","C","Willie Cauley-Stein",22,21.4,66
"2016-17","Sacramento Kings","C","Willie Cauley-Stein",23,18.9,75
"2017-18","Sacramento Kings","C","Willie Cauley-Stein",24,28,73
"2018-19","Sacramento Kings","C","Willie Cauley-Stein",25,27.3,81
"2016-17","New York Knicks","C","Willy Hernangomez",22,18.4,72
"2013-14","Denver Nuggets","SF","Wilson Chandler",26,31.1,62
"2014-15","Denver Nuggets","SF","Wilson Chandler",27,31.7,78
"2016-17","Denver Nuggets","PF","Wilson Chandler",29,30.9,71
"2017-18","Denver Nuggets","SF","Wilson Chandler",30,31.7,74
"2022-23","Memphis Grizzlies","C","Xavier Tillman, Sr.",24,19.3,61
"2016-17","Dallas Mavericks","PG","Yogi Ferrell",23,26,46
"2014-15","Minnesota Timberwolves","PG","Zach LaVine",19,24.7,77
"2018-19","Chicago Bulls","SG","Zach LaVine",23,34.5,63
"2019-20","Chicago Bulls","SG","Zach LaVine",24,34.8,60
"2020-21","Chicago Bulls","SG","Zach LaVine",25,35.1,58
"2021-22","Chicago Bulls","SG","Zach LaVine",26,34.7,67
"2022-23","Chicago Bulls","SG","Zach LaVine",27,35.9,77
"2013-14","Memphis Grizzlies","PF","Zach Randolph",32,34.2,79
"2014-15","Memphis Grizzlies","PF","Zach Randolph",33,32.5,71
"2015-16","Memphis Grizzlies","C","Zach Randolph",34,29.6,68
"2016-17","Memphis Grizzlies","PF","Zach Randolph",35,24.5,73
"2017-18","Sacramento Kings","PF","Zach Randolph",36,25.6,59
"2014-15","Milwaukee Bucks","C","Zaza Pachulia",30,23.7,73
"2015-16","Dallas Mavericks","C","Zaza Pachulia",31,26.4,76
"2016-17","Golden State Warriors","C","Zaza Pachulia",32,18.1,70
"2020-21","New Orleans Pelicans","PF","Zion Williamson",20,33.2,61
