last_name, first_name,player_id,year,p_total_pa,p_k_percent,p_bb_percent,p_era,p_hit_fly,p_hit_ground,p_hit_line_drive,p_out_fly,p_out_ground,p_out_line_drive,exit_velocity_avg,
Wainwright, Adam,425794,2022,803,17.8,6.7,3.71,31,57,102,117,205,53,87.8,
Verlander, Justin,434378,2022,666,27.8,4.4,1.75,20,41,54,102,131,40,87.8,
Kluber, Corey,446372,2022,689,20.2,3.0,4.34,40,47,90,95,144,40,87.1,
Morton, Charlie,450203,2022,728,28.2,8.7,4.34,36,35,78,84,140,35,89.3,
Quintana, Jose,500779,2022,679,20.2,6.9,2.93,22,45,87,79,186,44,86.5,
Gibson, Kyle,502043,2022,718,20.1,6.7,5.05,40,58,77,78,184,52,88.6,
Darvish, Yu,506433,2022,771,25.6,4.8,3.10,33,40,75,125,162,38,88.5,
Kelly, Merrill,518876,2022,804,22.0,7.6,3.37,36,47,83,124,200,38,88.5,
Perez, Martin,527048,2022,821,20.6,8.4,2.89,28,76,74,93,223,54,88.2,
Anderson, Tyler,542881,2022,707,19.5,4.8,2.57,29,47,69,111,168,44,85,
Cole, Gerrit,543037,2022,793,32.4,6.3,3.50,45,38,71,91,165,36,89.4,
Lyles, Jordan,543475,2022,774,18.6,6.7,4.42,43,59,94,115,171,37,88.5,
Mikolas, Miles,571945,2022,805,19.0,4.8,3.29,33,50,87,113,228,55,87.8,
Gausman, Kevin,592332,2022,725,28.3,3.9,3.35,29,67,92,96,130,44,89,
Ray, Robbie,592662,2022,775,27.4,8.0,3.71,47,41,74,95,151,45,89.7,
Taillon, Jameson,592791,2022,728,20.7,4.4,3.91,39,44,84,102,179,42,88.5,
Gonzales, Marco,594835,2022,783,13.2,6.4,4.13,40,74,79,126,193,61,86.7,
Pivetta, Nick,601713,2022,773,22.6,9.4,4.56,42,51,82,98,149,48,90.7,
Bassitt, Chris,605135,2022,745,22.4,6.6,3.42,35,57,65,86,199,32,85.7,
Musgrove, Joe,605397,2022,740,24.9,5.7,2.93,39,44,70,72,185,41,86.4,
Nola, Aaron,605400,2022,807,29.1,3.6,3.25,31,59,77,99,177,52,87.7,
Rodon, Carlos,607074,2022,710,33.4,7.3,2.88,23,40,68,97,107,37,89,
Freeland, Kyle,607536,2022,766,17.1,6.9,4.53,42,61,90,104,183,47,89.8,
Fried, Max,608331,2022,733,23.2,4.4,2.48,26,57,73,85,213,43,86.2,
Irvin, Cole,608344,2022,741,17.3,4.9,3.98,41,48,85,126,166,59,89.4,
Marquez, German,608566,2022,779,19.3,8.1,4.95,45,61,79,91,212,46,90.5,
Quantrill, Cal,615698,2022,770,16.6,6.1,3.38,32,55,90,113,193,45,87.6,
Berrios, Jose,621244,2022,753,19.8,6.0,5.23,39,71,88,107,151,51,90,
Urias, Julio,628711,2022,689,24.1,6.0,2.16,32,37,57,101,154,39,86.7,
Lopez, Pablo,641154,2022,736,23.6,7.2,3.75,33,45,79,84,191,36,87.9,
Alcantara, Sandy,645261,2022,886,23.4,5.6,2.28,32,62,77,85,274,38,87.8,
Cease, Dylan,656302,2022,747,30.4,10.4,2.20,29,46,51,104,127,45,86.8,
Montgomery, Jordan,656756,2022,724,21.8,5.0,3.48,35,51,73,80,199,57,88.5,
Wright, Kyle,657140,2022,738,23.6,7.2,3.19,27,54,75,63,224,34,89,
Webb, Logan,657277,2022,787,20.7,6.2,2.90,17,71,85,68,257,42,88.9,
Ohtani, Shohei,660271,2022,660,33.2,6.7,2.33,24,36,63,77,129,27,87.1,
McKenzie, Triston,663474,2022,741,25.6,5.9,2.96,37,44,57,123,128,61,90.2,
McClanahan, Shane,663556,2022,641,30.3,5.9,2.54,21,44,49,63,161,44,87.6,
Valdez, Framber,664285,2022,827,23.5,8.1,2.82,15,89,61,43,285,46,89.8,
Urquidy, Jose,664353,2022,681,19.7,5.6,3.94,35,49,70,116,135,50,89.7,
Manoah, Alek,666201,2022,786,22.9,6.5,2.24,27,40,77,114,167,58,87.5,
Gallen, Zac,668678,2022,714,26.9,6.6,2.54,22,43,56,86,173,46,87.8,
Burnes, Corbin,669203,2022,797,30.5,6.4,2.94,33,42,69,83,191,38,87.2,
Gilbert, Logan,669302,2022,766,22.7,6.4,3.20,32,47,90,108,156,62,91,
Bieber, Shane,669456,2022,791,25.0,4.6,2.88,21,63,88,93,208,45,89.9,
Wainwright, Adam,425794,2021,828,21.0,6.0,3.05,27,48,92,100,242,59,88.2,
Greinke, Zack,425844,2021,697,17.2,5.2,4.16,35,49,80,92,197,52,88.3,
Morton, Charlie,450203,2021,756,28.6,7.7,3.34,20,45,70,69,185,45,88.1,
Scherzer, Max,453286,2021,693,34.1,5.2,2.46,27,36,56,105,108,37,87.9,
Miley, Wade,489119,2021,690,18.1,7.2,3.37,24,55,86,72,205,46,85.7,
Gibson, Kyle,502043,2021,754,20.6,8.5,3.71,24,59,75,71,217,47,88.8,
Darvish, Yu,506433,2021,681,29.2,6.5,4.22,42,37,59,86,126,37,88.2,
Anderson, Tyler,542881,2021,703,19.1,5.4,4.53,38,46,83,107,154,50,87,
Cole, Gerrit,543037,2021,726,33.5,5.6,3.23,37,50,64,83,138,33,88.7,
DeSclafani, Anthony,543101,2021,676,22.5,6.2,3.17,27,41,72,97,175,35,88.9,
Eovaldi, Nathan,543135,2021,764,25.5,4.6,3.75,32,59,91,87,166,44,88,
Hendricks, Kyle,543294,2021,785,16.7,5.6,4.77,47,58,94,84,208,56,86.3,
Lyles, Jordan,543475,2021,769,19.0,7.3,5.15,47,55,92,115,162,43,89.9,
Ryu, Hyun Jin,547943,2021,701,20.4,5.3,4.37,27,53,90,89,192,34,89.6,
Wheeler, Zack,554430,2021,849,29.1,5.4,2.78,26,67,73,61,212,58,84.6,
Corbin, Patrick,571578,2021,751,19.0,8.0,5.82,49,60,82,79,204,47,89.4,
Keuchel, Dallas,572971,2021,720,13.2,8.2,5.28,41,69,79,63,237,46,88.3,
Stroman, Marcus,573186,2021,730,21.6,6.0,3.02,27,63,70,73,211,53,89.1,
Gausman, Kevin,592332,2021,775,29.3,6.5,2.81,33,48,69,104,163,43,89.1,
Ray, Robbie,592662,2021,773,32.1,6.7,2.84,34,42,73,102,133,37,90.4,
Montas, Frankie,593423,2021,778,26.6,7.3,3.37,36,48,80,89,172,50,89.3,
Musgrove, Joe,605397,2021,748,27.1,7.2,3.18,40,42,60,81,171,44,87.8,
Nola, Aaron,605400,2021,749,29.8,5.2,4.63,38,53,74,89,146,41,88.9,
Woodruff, Brandon,605540,2021,708,29.8,6.1,2.56,27,30,72,72,164,49,86.2,
Fried, Max,608331,2021,667,23.7,6.1,3.04,27,49,62,66,199,32,86.5,
Giolito, Lucas,608337,2021,720,27.9,7.2,3.53,34,32,79,88,127,50,87.5,
Irvin, Cole,608344,2021,768,16.3,5.5,4.24,37,59,99,116,169,64,89.3,
Marquez, German,608566,2021,756,23.3,8.5,4.40,33,50,81,72,220,39,88.9,
Buehler, Walker,621111,2021,815,26.0,6.4,2.47,28,42,79,106,210,40,88.2,
McCullers Jr., Lance,621121,2021,684,27.0,11.1,3.16,17,57,48,64,178,34,89.8,
Berrios, Jose,621244,2021,781,26.1,5.8,3.52,32,40,86,88,186,49,88.4,
Castillo, Luis,622491,2021,803,23.9,9.3,3.98,30,80,71,58,226,42,87.7,
Flexen, Chris,623167,2021,741,16.9,5.4,3.61,33,60,92,124,186,43,89.5,
Urias, Julio,628711,2021,745,26.2,5.1,2.96,28,58,65,116,156,40,86,
Manaea, Sean,640455,2021,754,25.7,5.4,3.91,38,59,82,88,159,43,90.2,
Mahle, Tyler,641816,2021,759,27.7,8.4,3.75,38,45,75,77,164,36,87.8,
Alcantara, Sandy,645261,2021,837,24.0,6.0,3.19,35,64,72,81,247,50,87.6,
Cease, Dylan,656302,2021,708,31.9,9.6,3.91,37,37,65,84,103,32,89.2,
Burnes, Corbin,669203,2021,657,35.6,5.2,2.43,18,53,51,63,139,32,85.5,
Wainwright, Adam,425794,2020,262,20.6,5.7,3.15,8,19,27,35,65,23,87.3,
Greinke, Zack,425844,2020,273,24.5,3.3,4.03,12,21,33,33,63,18,86.8,
Lester, Jon,452657,2020,265,15.8,6.4,5.16,16,25,22,43,73,14,88.9,
Scherzer, Max,453286,2020,295,31.2,7.8,3.74,12,17,40,32,45,15,88.5,
Cueto, Johnny,456501,2020,277,20.2,9.4,5.40,8,15,38,37,67,16,87.9,
Lynn, Lance,458681,2020,344,25.9,7.3,3.32,11,18,34,51,65,22,88.6,
Carrasco, Carlos,471911,2020,280,29.3,9.6,2.91,6,19,29,27,61,16,88,
Gibson, Kyle,502043,2020,301,19.3,10.0,5.35,10,23,40,26,84,17,88.2,
Darvish, Yu,506433,2020,297,31.3,4.7,2.01,7,16,36,27,66,19,88.7,
Perez, Martin,527048,2020,262,17.6,10.7,4.50,9,16,29,35,57,22,86.3,
Cole, Gerrit,543037,2020,288,32.6,5.9,2.84,11,13,29,42,53,15,90.4,
Hendricks, Kyle,543294,2020,315,20.3,2.5,2.88,11,23,39,35,91,24,86.1,
Bauer, Trevor,545333,2020,278,36.0,6.1,1.73,10,13,17,36,44,11,88.5,
Ryu, Hyun Jin,547943,2020,275,26.2,6.2,2.69,7,20,32,26,77,11,87,
Wheeler, Zack,554430,2020,288,18.4,5.6,2.92,3,26,38,20,94,20,85.7,
Boyd, Matthew,571510,2020,271,22.1,8.1,6.71,17,14,36,34,56,11,87.4,
Corbin, Patrick,571578,2020,295,20.3,6.1,4.66,12,34,39,32,66,17,90.7,
Heaney, Andrew,571760,2020,279,25.1,6.8,4.46,10,24,29,37,49,19,88.6,
Keuchel, Dallas,572971,2020,257,16.3,6.6,1.99,2,21,28,23,85,28,86.8,
deGrom, Jacob,594798,2020,268,38.8,6.7,2.38,9,13,25,27,49,13,88.2,
Gonzales, Marco,594835,2020,277,23.1,2.5,3.10,11,15,31,47,61,17,86.6,
Bassitt, Chris,605135,2020,261,21.1,6.5,2.29,9,22,24,39,62,16,88.2,
Bundy, Dylan,605164,2020,267,27.0,6.4,3.29,6,16,29,31,58,14,87,
Davies, Zach,605200,2020,276,22.8,6.9,2.73,13,14,27,34,70,19,87.5,
Nola, Aaron,605400,2020,289,33.2,8.0,3.28,8,14,32,19,69,11,88.3,
Woodruff, Brandon,605540,2020,293,31.1,6.1,3.05,10,24,21,26,68,9,86.7,
Freeland, Kyle,607536,2020,304,15.1,7.6,4.33,11,27,39,29,94,22,87.3,
Giolito, Lucas,608337,2020,288,33.7,9.7,3.48,8,18,21,33,53,13,87,
Marquez, German,608566,2020,344,21.2,7.3,3.75,7,24,47,31,101,21,88.8,
Mills, Alec,621219,2020,252,18.3,7.5,4.48,15,15,23,25,74,19,86.9,
Berrios, Jose,621244,2020,271,25.1,9.6,4.00,12,20,25,29,53,21,88.7,
Castillo, Luis,622491,2020,292,30.5,8.2,3.21,8,21,32,18,83,10,86,
Senzatela, Antonio,622608,2020,303,13.5,5.9,3.44,13,25,33,36,97,20,88.3,
Maeda, Kenta,628317,2020,248,32.3,4.0,2.70,8,11,20,21,67,15,85.3,
Civale, Aaron,650644,2020,312,22.1,5.1,4.74,17,21,42,33,80,17,87.1,
Lamet, Dinelson,659275,2020,267,34.8,7.5,2.09,6,10,20,31,48,16,88.7,
Singer, Brady,663903,2020,263,23.2,8.7,4.06,9,22,21,28,73,15,88.5,
Valdez, Framber,664285,2020,288,26.4,5.6,3.57,6,30,27,21,85,17,91.4,
Gallen, Zac,668678,2020,291,28.2,8.6,2.75,11,17,27,27,68,17,87,
Bieber, Shane,669456,2020,297,41.1,7.1,1.63,7,15,24,22,59,15,89.3,
Greinke, Zack,425844,2018,839,23.7,5.1,3.21,45,42,92,95,227,60,87.9,
Hamels, Cole,430935,2018,806,23.3,8.1,3.78,39,64,73,83,182,60,88.6,
Verlander, Justin,434378,2018,833,34.8,4.4,2.52,35,48,72,120,105,48,88.5,
Kluber, Corey,446372,2018,842,26.4,4.0,2.89,33,55,91,95,212,62,87.9,
Shields, James,448306,2018,871,17.7,9.0,4.53,42,56,92,131,176,75,88.6,
Morton, Charlie,450203,2018,695,28.9,9.2,3.13,24,47,58,58,155,45,87.5,
Lester, Jon,452657,2018,761,19.6,8.4,3.32,32,46,96,92,171,68,88.7,
LeBlanc, Wade,453281,2018,662,19.6,6.0,3.72,34,43,73,100,140,53,87.4,
Scherzer, Max,453286,2018,866,34.6,5.9,2.53,41,40,68,89,137,47,86.6,
Arrieta, Jake,453562,2018,724,19.1,7.9,3.96,26,56,83,68,214,42,87.8,
Price, David,456034,2018,722,24.5,6.9,3.58,34,53,63,87,146,56,88.7,
Happ, J.A.,457918,2018,733,26.3,7.0,3.65,36,52,61,97,143,42,88.4,
Gonzalez, Gio,461829,2018,746,19.8,10.7,4.21,27,61,78,80,181,45,87.7,
Chacin, Jhoulys,468504,2018,796,19.6,8.9,3.50,27,48,77,92,200,67,88.8,
Carrasco, Carlos,471911,2018,784,29.5,5.5,3.38,32,60,80,90,182,34,89.7,
Quintana, Jose,500779,2018,739,21.4,9.2,4.03,36,48,78,84,180,52,89.4,
Gibson, Kyle,502043,2018,826,21.7,9.6,3.62,25,56,95,74,234,49,87.8,
Leake, Mike,502190,2018,784,15.2,4.3,4.36,35,68,103,88,242,58,89.7,
Holland, Derek,502706,2018,727,23.2,9.2,3.57,26,41,84,84,164,44,88.4,
Porcello, Rick,519144,2018,808,23.5,5.9,4.28,37,64,76,93,185,59,89,
Teheran, Julio,527054,2018,724,22.4,11.6,3.94,32,32,58,97,154,52,88.7,
Anderson, Tyler,542881,2018,737,22.3,8.0,4.55,37,42,86,91,152,53,87.6,
Cole, Gerrit,543037,2018,799,34.5,8.0,2.88,28,46,69,89,124,51,89.1,
Hendricks, Kyle,543294,2018,812,19.8,5.4,3.44,26,61,95,88,231,58,86.4,
Odorizzi, Jake,543606,2018,711,22.8,9.8,4.49,31,33,85,109,111,41,89.1,
Roark, Tanner,543699,2018,760,19.2,6.6,4.34,33,58,90,99,178,43,87.8,
Bauer, Trevor,545333,2018,717,30.8,7.9,2.21,15,58,61,80,137,45,87.8,
Wheeler, Zack,554430,2018,744,24.1,7.4,3.31,28,52,69,80,179,51,86.1,
Urena, Jose,570632,2018,712,18.3,7.2,3.98,25,57,72,90,206,39,88.5,
Boyd, Matthew,571510,2018,709,22.4,7.2,4.39,34,37,72,122,112,44,87.4,
Corbin, Patrick,571578,2018,800,30.8,6.0,3.15,26,49,86,76,198,48,88.4,
Fiers, Mike,571666,2018,714,19.5,5.2,3.56,37,57,72,114,156,48,89.8,
Heaney, Andrew,571760,2018,749,24.0,6.0,4.15,40,52,78,84,173,47,87.7,
Mikolas, Miles,571945,2018,808,18.1,3.6,2.83,24,64,97,94,254,54,86.7,
Keuchel, Dallas,572971,2018,874,17.5,6.6,3.74,25,77,109,75,286,56,87.3,
Foltynewicz, Mike,592314,2018,744,27.2,9.1,2.85,21,43,66,90,161,41,88.6,
Gausman, Kevin,592332,2018,776,19.1,6.4,3.92,39,68,81,94,198,58,89,
Gray, Jon,592351,2018,743,24.6,7.0,5.12,36,64,80,63,183,43,89.8,
Taillon, Jameson,592791,2018,785,22.8,5.9,3.20,26,68,85,89,196,55,87.8,
Williams, Trevor,592866,2018,701,18.0,7.8,3.11,21,53,72,99,169,65,86.9,
deGrom, Jacob,594798,2018,835,32.2,5.5,1.70,25,55,72,77,191,44,86.3,
Gonzales, Marco,594835,2018,686,21.1,4.7,4.00,22,58,90,79,170,50,88.5,
Junis, Jakob,596001,2018,758,21.6,5.7,4.37,46,61,75,100,168,47,88.7,
Pivetta, Nick,601713,2018,694,27.1,7.3,4.77,31,70,61,59,153,39,88.8,
Bundy, Dylan,605164,2018,750,24.5,7.2,5.45,48,47,92,98,129,46,89.3,
Clevinger, Mike,605182,2018,810,25.6,8.3,3.02,30,50,84,96,169,55,87,
Nola, Aaron,605400,2018,831,27.0,7.0,2.37,22,54,72,74,230,52,87.1,
Snell, Blake,605483,2018,700,31.6,9.1,1.89,21,36,54,85,153,42,87.5,
Freeland, Kyle,607536,2018,844,20.5,8.3,2.85,32,63,86,89,220,53,86.8,
Giolito, Lucas,608337,2018,775,16.1,11.6,6.13,43,45,75,91,201,47,88.7,
Marquez, German,608566,2018,817,28.2,7.0,3.77,30,63,86,70,189,53,89.5,
Berrios, Jose,621244,2018,797,25.3,7.7,3.84,33,52,74,89,172,46,87.3,
Castillo, Luis,622491,2018,708,23.3,6.9,4.30,36,45,75,64,189,44,88.8,
Severino, Luis,622663,2018,780,28.2,5.9,3.39,25,51,96,75,163,58,88.4,
Lopez, Reynaldo,625643,2018,799,18.9,9.4,3.91,43,43,79,108,146,71,88.3,
Godley, Zack,643327,2018,791,23.4,10.2,4.74,23,54,100,66,204,39,89.7,
Newcomb, Sean,656794,2018,696,23.0,11.6,3.90,30,47,60,81,153,49,87.6,
Wainwright, Adam,425794,2019,745,20.5,8.6,4.19,38,55,86,66,202,43,88.9,
Greinke, Zack,425844,2019,810,23.1,3.7,2.93,27,52,94,94,221,60,87.5,
Verlander, Justin,434378,2019,847,35.4,5.0,2.58,48,30,59,103,150,55,87.3,
Sanchez, Anibal,434671,2019,712,18.8,8.1,3.85,28,42,82,109,160,57,87,
Morton, Charlie,450203,2019,790,30.4,7.2,3.05,29,52,73,66,180,47,86.9,
Lester, Jon,452657,2019,764,21.6,6.8,4.46,35,64,106,77,174,54,88.6,
Scherzer, Max,453286,2019,693,35.1,4.8,2.92,25,46,73,76,123,35,87.6,
Bailey, Homer,456701,2019,696,21.4,7.6,4.57,28,56,76,79,166,47,90.3,
Lynn, Lance,458681,2019,875,28.1,6.7,3.67,33,62,100,98,167,56,87.9,
Nova, Ivan,467100,2019,806,14.1,5.8,4.72,40,66,118,83,230,55,88.8,
Anderson, Brett,474463,2019,743,12.1,6.6,3.89,29,64,87,68,269,55,89.6,
Kershaw, Clayton,477132,2019,706,26.8,5.8,3.03,33,54,57,63,178,46,88.7,
Miley, Wade,489119,2019,720,19.4,8.5,3.98,33,58,73,75,200,46,87.5,
Quintana, Jose,500779,2019,745,20.4,6.2,4.68,26,61,103,78,186,55,90,
Minor, Mike,501985,2019,863,23.2,7.9,3.59,38,73,78,113,170,50,86.9,
Samardzija, Jeff,502188,2019,740,18.9,6.6,3.52,37,40,75,124,164,62,89.5,
Leake, Mike,502190,2019,835,15.2,3.2,4.29,46,80,100,109,237,59,90.7,
Darvish, Yu,506433,2019,731,31.3,7.7,3.98,40,35,65,60,165,39,88.6,
Bumgarner, Madison,518516,2019,844,24.1,5.1,3.90,49,45,97,122,172,55,90.4,
Kelly, Merrill,518876,2019,777,20.3,7.3,4.42,38,50,94,104,191,46,89.9,
Porcello, Rick,519144,2019,768,18.6,5.9,5.52,45,53,100,103,169,48,88.4,
Perez, Martin,527048,2019,737,18.3,9.1,5.12,30,64,89,74,199,43,86.2,
Teheran, Julio,527054,2019,754,21.5,11.0,3.81,33,45,70,103,154,49,89,
Cole, Gerrit,543037,2019,817,39.9,5.9,2.50,32,45,63,86,134,44,87.6,
DeSclafani, Anthony,543101,2019,696,24.0,7.0,3.89,40,39,71,84,169,38,89.1,
Gray, Sonny,543243,2019,708,29.0,9.6,2.87,23,54,43,62,171,42,88.1,
Hendricks, Kyle,543294,2019,730,20.5,4.4,3.46,31,55,81,88,180,54,86.5,
Roark, Tanner,543699,2019,722,21.9,7.1,4.35,37,48,95,89,135,56,89,
Strasburg, Stephen,544931,2019,841,29.8,6.7,3.32,32,52,77,68,219,48,87.9,
Bauer, Trevor,545333,2019,911,27.8,9.0,4.48,48,51,84,103,165,47,88.7,
Tanaka, Masahiro,547888,2019,759,19.6,5.3,4.45,35,62,89,82,212,40,89,
Ryu, Hyun Jin,547943,2019,723,22.5,3.3,2.32,24,49,87,60,230,57,86.6,
Wheeler, Zack,554430,2019,828,23.6,6.0,3.96,41,64,90,89,195,59,87,
Boyd, Matthew,571510,2019,788,30.2,6.3,4.56,43,56,79,89,121,41,89.2,
Corbin, Patrick,571578,2019,835,28.5,8.4,3.25,27,57,84,86,209,37,89.9,
Fiers, Mike,571666,2019,754,16.7,7.0,3.90,33,59,73,107,169,67,88.1,
Mikolas, Miles,571945,2019,764,18.8,4.2,4.16,39,62,92,80,219,47,88.5,
Stroman, Marcus,573186,2019,774,20.5,7.5,3.22,24,72,86,73,227,41,88.2,
Ray, Robbie,592662,2019,747,31.5,11.2,4.34,39,40,71,64,132,46,88.9,
Syndergaard, Noah,592789,2019,825,24.5,6.1,4.28,35,68,91,81,207,43,86.8,
Rodriguez, Eduardo,593958,2019,859,24.8,8.7,3.81,45,75,74,85,204,43,86.3,
deGrom, Jacob,594798,2019,804,31.7,5.5,2.43,29,50,75,80,175,42,86.5,
Gonzales, Marco,594835,2019,866,17.0,6.5,3.99,32,74,101,118,201,60,88.3,
Junis, Jakob,596001,2019,771,21.3,7.5,5.24,45,54,92,95,178,38,90.1,
Musgrove, Joe,605397,2019,718,21.9,5.4,4.44,38,49,81,86,181,42,88.9,
Nola, Aaron,605400,2019,852,26.9,9.4,3.87,38,56,80,72,215,44,89.2,
Fried, Max,608331,2019,702,24.6,6.7,4.02,31,67,75,48,193,48,89.2,
Giolito, Lucas,608337,2019,705,32.3,8.1,3.41,29,30,71,69,121,45,88.1,
Marquez, German,608566,2019,721,24.3,4.9,4.76,34,54,85,65,200,52,91.1,
Eflin, Zach,621107,2019,705,18.3,6.8,4.13,35,60,77,86,180,48,88.2,
Buehler, Walker,621111,2019,737,29.2,5.0,3.26,30,47,76,89,159,53,89.3,
Berrios, Jose,621244,2019,842,23.2,6.1,3.68,42,54,98,101,198,42,87,
Castillo, Luis,622491,2019,781,28.9,10.1,3.40,29,53,57,64,212,34,87.2,
Lopez, Reynaldo,625643,2019,809,20.9,8.0,5.38,50,56,97,94,142,62,88.8,
Hudson, Dakota,641712,2019,757,18.0,11.4,3.35,25,51,83,45,251,48,89.3,
Keller, Brad,641745,2019,709,17.2,9.9,4.19,21,63,69,65,195,61,89.1,
Alcantara, Sandy,645261,2019,838,18.0,9.7,3.88,34,56,87,109,216,49,87.3,
Soroka, Michael,647336,2019,701,20.3,5.8,2.68,19,55,79,58,215,52,88.2,
Flaherty, Jack,656427,2019,772,29.9,7.1,2.75,26,39,69,83,156,49,86.6,
Lucchesi, Joey,664192,2019,686,23.0,8.2,4.18,31,56,56,87,173,36,88.3,
Bieber, Shane,669456,2019,859,30.2,4.7,3.28,34,58,93,85,190,54,90.6,
Colon, Bartolo,112526,2016,791,16.2,4.0,3.43,23,76,100,116,207,65,90,
Sabathia, CC,282332,2016,768,19.8,8.5,3.91,25,75,72,85,204,34,85.1,
Dickey, R.A.,285079,2016,728,17.3,8.7,4.46,30,50,89,91,176,44,87.6,
Lackey, John,407793,2016,748,24.1,7.1,3.35,21,53,71,96,167,66,89.7,
Wainwright, Adam,425794,2016,847,19.0,7.0,4.62,23,66,129,87,215,63,86.9,
Santana, Ervin,429722,2016,748,19.9,7.1,3.38,21,54,91,104,182,47,88.3,
Hamels, Cole,430935,2016,848,23.6,9.1,3.32,32,64,88,83,216,54,87.6,
Verlander, Justin,434378,2016,903,28.1,6.3,3.04,32,54,83,132,153,53,87.9,
Liriano, Francisco,434538,2016,731,23.0,11.6,4.69,23,58,76,69,191,33,88.4,
Hammel, Jason,434628,2016,692,20.8,7.7,3.83,23,45,80,92,170,45,90,
Nolasco, Ricky,445060,2016,817,17.6,5.4,4.42,35,69,97,126,206,58,88.7,
Kluber, Corey,446372,2016,860,26.4,6.6,3.14,21,47,102,97,213,52,86.7,
Shields, James,448306,2016,822,16.4,10.0,5.85,38,63,104,111,185,57,88.7,
Garcia, Jaime,448802,2016,741,20.2,7.7,4.67,21,70,88,59,238,34,88.7,
Volquez, Edinson,450172,2016,853,16.3,8.9,5.37,29,83,105,80,248,47,88.9,
Weaver, Jered,450308,2016,767,13.4,6.6,5.06,34,50,123,138,130,57,88.2,
Fister, Doug,450729,2016,779,14.8,8.0,4.64,34,62,97,102,215,47,87.5,
Lester, Jon,452657,2016,796,24.7,6.5,2.44,20,57,77,85,200,63,87.4,
Kennedy, Ian,453178,2016,818,22.5,8.1,3.68,29,56,87,140,134,46,89.3,
Scherzer, Max,453286,2016,902,31.5,6.2,2.96,34,35,96,103,157,53,87.2,
Arrieta, Jake,453562,2016,795,23.9,9.6,3.10,13,36,88,71,245,43,86.7,
Price, David,456034,2016,951,24.0,5.3,3.99,42,72,113,120,227,40,87.8,
Cueto, Johnny,456501,2016,881,22.5,5.1,2.79,13,71,111,88,258,47,87.8,
Happ, J.A.,457918,2016,796,20.5,7.5,3.18,23,54,91,106,194,55,89.5,
Tomlin, Josh,458708,2016,725,16.3,2.8,4.40,34,41,111,92,219,55,87.9,
Gonzalez, Gio,461829,2016,765,22.4,7.7,4.57,22,64,92,76,194,55,88.7,
Estrada, Marco,462136,2016,723,22.8,9.0,3.48,26,37,68,107,132,40,88.1,
Nova, Ivan,467100,2016,684,18.6,4.1,4.17,24,63,88,65,225,37,90.7,
Hellickson, Jeremy,476451,2016,772,19.9,5.8,3.71,22,44,105,75,202,69,87.6,
Miley, Wade,489119,2016,711,19.3,6.9,5.37,27,60,98,70,192,47,89,
Quintana, Jose,500779,2016,837,21.6,6.0,3.20,21,61,109,107,184,56,88.2,
Pineda, Michael,501381,2016,756,27.4,7.0,4.82,35,62,87,82,163,41,89.8,
Tillman, Chris,501957,2016,715,19.6,9.2,3.77,20,44,90,86,168,53,89,
Archer, Chris,502042,2016,850,27.4,7.9,4.02,28,74,81,93,192,40,90.2,
Samardzija, Jeff,502188,2016,829,20.1,6.5,3.81,36,61,93,95,227,61,88.7,
Leake, Mike,502190,2016,757,16.5,4.0,4.69,19,85,98,88,243,44,89,
Santiago, Hector,502327,2016,785,18.3,10.1,4.70,41,47,80,127,151,34,89.7,
Bettis, Chad,518452,2016,814,17.0,7.2,4.79,27,69,108,74,260,48,88.7,
Bumgarner, Madison,518516,2016,912,27.5,5.9,2.74,23,55,100,114,193,49,88.5,
Duffy, Danny,518633,2016,731,25.7,5.7,3.51,38,49,74,121,136,40,89.5,
Moore, Matt,519043,2016,838,21.2,8.6,4.08,28,65,90,126,165,55,88.8,
Nelson, Jimmy,519076,2016,807,17.3,10.7,4.62,27,78,79,87,211,46,88.8,
Pomeranz, Drew,519141,2016,703,26.5,9.2,3.32,20,58,59,91,161,31,88.1,
Porcello, Rick,519144,2016,890,21.2,3.6,3.15,42,57,94,126,232,57,88.4,
Sale, Chris,519242,2016,907,25.7,5.0,3.34,28,64,96,121,196,58,88.7,
Perez, Martin,527048,2016,855,12.0,8.9,4.39,22,78,105,97,287,54,89.6,
Teheran, Julio,527054,2016,758,22.0,5.4,3.21,20,56,79,118,167,58,88.8,
Hendricks, Kyle,543294,2016,745,22.8,5.9,2.13,19,45,77,77,215,48,86.6,
Koehler, Tom,543408,2016,774,19.0,10.7,4.33,16,56,104,88,183,54,87.8,
McHugh, Collin,543521,2016,796,22.2,6.8,4.34,35,72,97,103,168,37,87,
Odorizzi, Jake,543606,2016,773,21.5,7.0,3.69,35,51,84,114,156,49,89.9,
Roark, Tanner,543699,2016,855,20.1,8.5,2.83,15,66,91,96,238,59,87.4,
Bauer, Trevor,545333,2016,811,20.7,8.6,4.26,20,60,99,70,217,54,89.6,
Iwakuma, Hisashi,547874,2016,836,17.6,5.5,4.12,32,73,112,111,196,54,88.7,
Tanaka, Masahiro,547888,2016,805,20.5,4.5,3.07,25,63,91,88,230,62,88.9,
Ventura, Yordano,570649,2016,816,17.6,9.6,4.45,21,74,95,95,227,41,89.8,
Fiers, Mike,571666,2016,724,18.5,5.8,4.48,25,61,101,85,177,55,89.8,
Keuchel, Dallas,572971,2016,701,20.5,6.8,4.55,26,66,76,58,227,33,88.4,
Straily, Dan,573185,2016,792,20.5,9.2,3.76,29,37,88,118,146,77,88.9,
Stroman, Marcus,573186,2016,855,19.4,6.3,4.37,20,91,98,62,297,40,90.4,
Gausman, Kevin,592332,2016,757,23.0,6.2,3.61,25,66,91,76,177,44,88.7,
Gray, Jon,592351,2016,712,26.0,8.3,4.61,22,45,85,53,159,54,88.2,
Ray, Robbie,592662,2016,776,28.1,9.1,4.90,22,63,98,68,162,37,89.9,
Sanchez, Aaron,592717,2016,790,20.4,8.0,3.00,19,64,77,79,246,50,90,
Smyly, Drew,592767,2016,738,22.6,6.6,4.88,42,52,79,120,119,29,87.8,
Syndergaard, Noah,592789,2016,744,29.3,5.8,2.60,15,62,91,60,189,40,87.6,
Martinez, Carlos,593372,2016,809,21.5,8.7,3.04,15,76,77,83,245,33,87.2,
Eickhoff, Jerad,595191,2016,811,20.6,5.2,3.65,25,60,102,109,194,51,88.6,
Davies, Zach,605200,2016,682,19.8,5.6,3.97,23,52,89,70,188,48,87.6,
Fernandez, Jose,605228,2016,737,34.3,7.5,2.86,10,49,86,59,139,50,89.3,
Finnegan, Brandon,605232,2016,734,19.8,11.4,3.98,20,44,86,88,161,71,88.3,
Rodon, Carlos,607074,2016,715,23.5,7.6,4.04,27,66,81,82,148,51,88.9,
Graveman, Kendall,608665,2016,786,13.7,6.0,4.11,23,71,101,86,260,54,89.6,
Maeda, Kenta,628317,2016,716,25.0,7.0,3.48,26,43,79,70,172,51,85.7,
Dickey, R.A.,285079,2017,815,16.7,8.2,4.26,36,66,89,79,226,63,86.2,
Lackey, John,407793,2017,731,20.4,7.3,4.59,37,48,79,80,173,61,88.2,
Greinke, Zack,425844,2017,801,26.8,5.6,3.20,29,54,89,80,205,47,87.4,
Santana, Ervin,429722,2017,864,19.3,7.1,3.28,43,57,75,114,210,59,86,
Verlander, Justin,434378,2017,849,25.8,8.5,3.36,34,43,92,116,146,64,87.6,
Hammel, Jason,434628,2017,804,18.0,6.0,5.29,37,68,102,135,162,50,88.2,
Nolasco, Ricky,445060,2017,787,18.2,7.4,4.92,42,59,104,104,182,52,90,
Kluber, Corey,446372,2017,777,34.1,4.6,2.25,26,49,66,66,167,62,85.3,
Vargas, Jason,450306,2017,756,17.7,7.7,4.16,33,57,90,92,171,64,87.1,
Lester, Jon,452657,2017,763,23.6,7.9,4.33,36,63,79,70,185,61,86.4,
Scherzer, Max,453286,2017,780,34.4,7.1,2.51,27,37,62,101,134,37,86.5,
Richard, Clayton,453385,2017,858,17.6,6.9,4.79,36,103,101,47,284,50,87.4,
Arrieta, Jake,453562,2017,707,23.1,7.8,3.53,35,39,76,81,179,46,87.4,
Lynn, Lance,458681,2017,776,19.7,10.1,3.43,31,45,74,96,198,49,86.6,
Gonzalez, Gio,461829,2017,827,22.7,9.6,2.96,21,57,78,93,207,47,86.1,
Estrada, Marco,462136,2017,806,21.8,8.8,4.98,44,48,92,119,126,39,87,
Nova, Ivan,467100,2017,785,16.7,4.6,4.14,36,68,98,80,223,75,89.4,
Chacin, Jhoulys,468504,2017,765,20.0,9.4,3.89,29,62,66,76,203,50,86.3,
Carrasco, Carlos,471911,2017,798,28.3,5.8,3.29,32,52,89,74,190,46,87.4,
Hellickson, Jeremy,476451,2017,695,13.8,6.8,5.43,32,37,91,105,161,62,87.8,
Kershaw, Clayton,477132,2017,679,29.7,4.4,2.31,28,44,63,62,173,35,85.3,
Cashner, Andrew,488768,2017,704,12.2,9.1,3.40,21,62,72,80,204,65,87.1,
Quintana, Jose,500779,2017,790,26.2,7.7,4.15,33,58,79,75,178,57,87.5,
Archer, Chris,502042,2017,852,29.2,7.0,4.07,36,64,93,91,168,52,89.6,
Cobb, Alex,502171,2017,742,17.3,5.9,3.66,26,63,85,82,215,59,88.2,
Samardzija, Jeff,502188,2017,847,24.2,3.8,4.42,40,60,103,103,200,55,87.4,
Leake, Mike,502190,2017,782,16.6,4.7,3.92,23,78,100,76,253,52,87.6,
Darvish, Yu,506433,2017,766,27.3,7.6,3.86,33,47,78,82,163,47,86.2,
Moore, Matt,519043,2017,790,18.7,8.5,5.52,35,58,104,106,161,55,89.6,
Nelson, Jimmy,519076,2017,728,27.3,6.6,3.49,26,58,87,62,183,38,85.9,
Pomeranz, Drew,519141,2017,740,23.5,9.3,3.32,25,66,74,68,157,54,87.9,
Porcello, Rick,519144,2017,885,20.5,5.4,4.65,55,72,107,114,190,66,88.2,
Sale, Chris,519242,2017,851,36.2,5.1,2.90,32,52,81,95,144,43,86.8,
Perez, Martin,527048,2017,811,14.2,7.8,4.82,31,80,107,84,220,67,87.1,
Teheran, Julio,527054,2017,812,18.6,8.9,4.49,33,59,92,117,179,53,87.2,
Cole, Gerrit,543037,2017,849,23.1,6.5,4.26,38,60,100,85,217,49,86.3,
Gray, Sonny,543243,2017,678,22.6,8.4,3.55,25,46,67,52,205,48,87.4,
Roark, Tanner,543699,2017,776,21.4,8.2,4.67,27,65,85,82,199,59,86.9,
Strasburg, Stephen,544931,2017,701,29.1,6.7,2.52,20,51,60,72,161,48,87.3,
Bauer, Trevor,545333,2017,749,26.2,8.0,4.19,32,60,89,60,168,43,89.4,
Tanaka, Masahiro,547888,2017,752,25.8,5.5,4.74,38,66,76,70,189,42,88,
Urena, Jose,570632,2017,724,15.6,8.8,3.82,31,47,73,100,189,56,86.4,
Corbin, Patrick,571578,2017,826,21.5,7.4,4.03,40,73,95,69,232,43,87.9,
Straily, Dan,573185,2017,769,22.1,7.8,4.26,36,46,90,108,145,41,87.2,
Stroman, Marcus,573186,2017,834,19.7,7.4,3.09,23,91,86,50,288,42,88.7,
Gausman, Kevin,592332,2017,816,21.9,8.7,4.68,38,65,102,78,182,61,87.7,
Ray, Robbie,592662,2017,665,32.8,10.7,2.89,27,41,46,67,114,42,89.9,
Martinez, Carlos,593372,2017,858,25.3,8.3,3.64,32,67,80,69,227,54,87,
deGrom, Jacob,594798,2017,827,28.9,7.1,3.53,32,66,80,81,185,47,86.3,
Bundy, Dylan,605164,2017,698,21.8,7.3,4.24,34,44,73,113,118,52,88.8,
Davies, Zach,605200,2017,817,15.2,6.7,3.90,23,65,116,80,258,55,86.2,
Fulmer, Michael,605242,2017,676,16.9,5.9,3.83,21,55,73,67,206,48,86.1,
Nola, Aaron,605400,2017,693,26.6,7.1,3.54,27,53,73,73,178,33,85.7,
Perdomo, Luis,606131,2017,716,16.5,9.1,4.67,21,85,76,55,241,34,88,
Wacha, Michael,608379,2017,701,22.5,7.8,4.13,27,63,80,68,180,40,87.2,
Marquez, German,608566,2017,701,21.0,7.0,4.39,33,65,75,81,167,52,88.7,
Blach, Ty,621389,2017,692,10.5,6.2,4.78,31,59,87,75,216,67,86.9,
Severino, Luis,622663,2017,783,29.4,6.5,2.98,21,57,71,69,193,47,87.2,
Colon, Bartolo,112526,2015,815,16.7,2.9,4.16,26,75,116,125,212,60,88.9,
Burnett, A.J.,150359,2015,699,20.5,7.0,3.18,6,73,95,64,200,38,89.8,
Buehrle, Mark,279824,2015,827,11.0,4.0,3.81,31,70,110,112,262,62,87,
Sabathia, CC,282332,2015,726,18.9,6.9,4.73,18,74,96,89,183,39,87.8,
Dickey, R.A.,285079,2015,884,14.3,6.9,3.91,26,49,118,122,247,62,87.4,
Lackey, John,407793,2015,896,19.5,5.9,2.77,17,90,103,108,229,67,88.3,
Lewis, Colby,407890,2015,861,16.5,4.9,4.66,22,67,122,149,167,78,89.4,
Harang, Aaron,421685,2015,748,14.4,6.8,4.86,17,64,108,120,161,59,90.2,
Greinke, Zack,425844,2015,843,23.7,4.7,1.66,10,48,90,90,246,71,87.3,
Haren, Dan,429717,2015,768,17.2,4.9,3.60,30,40,103,127,153,59,88.2,
Simon, Alfredo,430580,2015,820,14.3,8.3,5.05,29,70,99,101,217,61,89.7,
Hamels, Cole,430935,2015,880,24.4,7.0,3.65,15,72,103,80,222,63,87.7,
Kazmir, Scott,431148,2015,763,20.3,7.7,3.10,23,56,82,89,186,61,87.4,
Danks, John,433579,2015,768,16.1,7.3,4.71,29,61,105,117,171,46,87.3,
Hernandez, Felix,433587,2015,826,23.1,7.0,3.53,18,81,81,70,246,47,88.7,
Liriano, Francisco,434538,2015,773,26.5,9.1,3.38,16,53,86,59,212,44,85.8,
Jimenez, Ubaldo,434622,2015,791,21.2,8.6,4.11,25,65,91,69,209,49,87.8,
Hammel, Jason,434628,2015,710,24.2,5.6,3.74,24,44,89,90,158,56,88.8,
Kluber, Corey,446372,2015,886,27.7,5.1,3.49,27,62,100,106,197,59,87.9,
Shields, James,448306,2015,860,25.1,9.4,3.91,31,64,94,88,194,54,89.1,
Volquez, Edinson,450172,2015,850,18.2,8.5,3.55,20,75,95,129,216,52,88.5,
Gallardo, Yovani,451596,2015,793,15.3,8.6,3.42,15,65,112,78,243,59,88.2,
Lester, Jon,452657,2015,828,25.0,5.7,3.34,17,70,96,79,216,48,87.1,
Kennedy, Ian,453178,2015,713,24.4,7.3,4.28,27,45,94,75,153,50,89.5,
Scherzer, Max,453286,2015,899,30.7,3.8,2.79,27,52,97,110,172,58,87.1,
Arrieta, Jake,453562,2015,870,27.1,5.5,1.77,17,60,72,64,274,70,85.1,
Price, David,456034,2015,888,25.3,5.3,2.45,24,60,104,115,198,69,87.4,
Cueto, Johnny,456501,2015,866,20.3,5.3,3.44,29,59,106,104,220,67,86.7,
Happ, J.A.,457918,2015,717,21.1,6.3,3.61,19,62,92,95,164,49,89.4,
Lynn, Lance,458681,2015,751,22.2,9.1,3.03,22,65,83,88,171,43,88.9,
Pelfrey, Mike,460059,2015,714,12.0,6.3,4.26,25,85,88,79,216,52,88.3,
Gonzalez, Gio,461829,2015,758,22.3,9.1,3.79,13,84,84,63,201,52,88.1,
Estrada, Marco,462136,2015,725,18.1,7.6,3.13,27,38,68,130,143,49,87.8,
Carrasco, Carlos,471911,2015,730,29.6,5.9,3.63,17,57,78,66,188,35,88.7,
Anderson, Brett,474463,2015,750,15.5,6.1,3.69,14,100,79,47,295,43,88.3,
Ross, Tyson,475115,2015,823,25.8,10.2,3.26,9,84,79,51,239,39,87.4,
Niese, Jonathon,477003,2015,770,14.7,7.1,4.13,21,90,81,82,251,52,88.4,
Kershaw, Clayton,477132,2015,890,33.8,4.7,2.13,15,65,83,66,218,52,85.6,
Cashner, Andrew,488768,2015,804,20.5,8.2,4.34,21,83,94,82,202,55,88.8,
Miley, Wade,489119,2015,831,17.7,7.7,4.46,27,71,103,97,240,53,87.4,
Quintana, Jose,500779,2015,862,20.5,5.1,3.36,17,76,125,89,226,60,88,
Tillman, Chris,501957,2015,741,16.2,8.6,4.99,22,69,83,92,183,54,89.6,
Archer, Chris,502042,2015,868,29.0,7.6,3.23,17,74,83,91,185,59,89.6,
Gibson, Kyle,502043,2015,821,17.7,7.9,3.84,16,77,91,78,258,54,88.3,
Locke, Jeff,502046,2015,736,17.5,8.2,4.49,11,70,97,72,217,48,87.4,
Samardzija, Jeff,502188,2015,910,17.9,5.4,4.96,25,72,129,130,208,67,88.1,
Leake, Mike,502190,2015,778,15.3,6.3,3.70,17,54,102,77,265,67,88.8,
Santiago, Hector,502327,2015,776,20.9,9.1,3.59,32,43,77,133,121,55,88.9,
Salazar, Danny,517593,2015,757,25.8,7.0,3.45,24,57,75,106,171,42,89.6,
Bumgarner, Madison,518516,2015,869,26.9,4.5,2.93,18,62,100,93,190,73,87.5,
Harvey, Matt,518774,2015,755,24.9,4.9,2.71,15,66,75,107,189,42,87.9,
Heston, Chris,518790,2015,746,18.9,8.6,3.95,17,54,96,67,229,38,88.5,
Nelson, Jimmy,519076,2015,752,19.7,8.6,4.11,14,57,92,70,215,51,87,
Porcello, Rick,519144,2015,737,20.2,5.2,4.92,27,66,101,86,188,48,88.9,
Sale, Chris,519242,2015,854,32.1,4.9,3.41,22,61,102,96,164,44,85.9,
Zimmermann, Jordan,519455,2015,831,19.7,4.7,3.66,24,66,113,84,205,75,87.4,
De La Rosa, Rubby,523989,2015,809,18.5,7.8,4.67,24,67,101,86,234,49,88.5,
Teheran, Julio,527054,2015,843,20.3,8.7,4.04,27,59,103,99,186,68,89.1,
Ramirez, Erasmo,541640,2015,666,18.9,6.0,3.75,15,62,67,73,180,56,88.5,
Cole, Gerrit,543037,2015,832,24.3,5.3,2.60,15,58,109,96,224,50,88.2,
DeSclafani, Anthony,543101,2015,785,19.2,7.0,4.05,19,73,101,86,195,57,88.5,
Gray, Sonny,543243,2015,831,20.3,7.1,2.73,13,64,89,82,254,53,88.9,
Hendricks, Kyle,543294,2015,739,22.6,5.8,3.95,20,66,80,54,212,61,88,
Koehler, Tom,543408,2015,800,17.1,9.6,4.08,23,74,82,97,208,60,89.7,
McHugh, Collin,543521,2015,859,19.9,6.2,3.89,25,76,104,114,219,41,86.1,
Odorizzi, Jake,543606,2015,700,21.4,6.6,3.35,17,41,88,100,160,51,88.5,
Bauer, Trevor,545333,2015,744,22.8,10.6,4.55,31,47,73,86,152,54,88.1,
Ventura, Yordano,570649,2015,693,22.5,8.4,4.08,18,48,88,65,200,33,89.1,
Fiers, Mike,571666,2015,761,23.7,8.4,3.69,22,53,87,103,151,50,87.9,
Miller, Shelby,571946,2015,860,19.9,8.5,3.02,18,68,95,108,231,40,87.2,
Richards, Garrett,572070,2015,865,20.3,8.8,3.65,13,81,86,78,262,47,87.3,
Keuchel, Dallas,572971,2015,911,23.7,5.6,2.48,10,81,94,53,318,58,85.7,
Walker, Taijuan,592836,2015,706,22.2,5.7,4.56,23,51,89,82,154,59,89.4,
Martinez, Carlos,593372,2015,755,24.4,8.3,3.01,13,70,84,53,212,42,87.2,
deGrom, Jacob,594798,2015,751,27.3,5.1,2.54,16,63,70,86,180,55,87.4,
Wacha, Michael,608379,2015,762,20.1,7.6,3.38,23,62,77,88,197,58,87.6,
Chen, Wei-Yin,612672,2015,792,19.3,5.2,3.34,34,58,98,98,195,43,87.2,
Wood, Alex,622072,2015,801,17.4,7.4,3.84,17,83,98,87,230,56,88.2,